INSERT INTO works values (1, 'work1');
INSERT INTO works values (2, 'work2');

INSERT INTO users values('mkim', '112233');


-- 대분류 코드 데이터
INSERT INTO JOBS_ROOT (code, name) VALUES ('1', '관리자');
INSERT INTO JOBS_ROOT (code, name) VALUES ('2', '전문가 및 관련종사자');
INSERT INTO JOBS_ROOT (code, name) VALUES ('3', '사무 종사자');
INSERT INTO JOBS_ROOT (code, name) VALUES ('4', '서비스 종사자');
INSERT INTO JOBS_ROOT (code, name) VALUES ('5', '판매 종사자');
INSERT INTO JOBS_ROOT (code, name) VALUES ('6', '농림∙어업 숙련 종사자');
INSERT INTO JOBS_ROOT (code, name) VALUES ('7', '기능원 및 관련 기능 종사자');
INSERT INTO JOBS_ROOT (code, name) VALUES ('8', '장치∙기계 조작 및 조립 종사자');
INSERT INTO JOBS_ROOT (code, name) VALUES ('9', '단순노무 종사자');
INSERT INTO JOBS_ROOT (code, name) VALUES ('A', '군인');
INSERT INTO JOBS_ROOT (code, name) VALUES ('W', '주부');
INSERT INTO JOBS_ROOT (code, name) VALUES ('X', '학생');
INSERT INTO JOBS_ROOT (code, name) VALUES ('Y', '무직');

-- 중분류 코드 데이터
INSERT INTO JOBS_SUB1 (code, root_code, name) VALUES ('11', '1', '공공 기관 및 기업 고위직');
INSERT INTO JOBS_SUB1 (code, root_code, name) VALUES ('12', '1', '행정∙경영 지원 및 마케팅 관리직');
INSERT INTO JOBS_SUB1 (code, root_code, name) VALUES ('13', '1', '전문 서비스 관리직');
INSERT INTO JOBS_SUB1 (code, root_code, name) VALUES ('14', '1', '건설∙전기 및 생산 관련 관리직');
INSERT INTO JOBS_SUB1 (code, root_code, name) VALUES ('15', '1', '판매 및 고객 서비스 관리직');
INSERT INTO JOBS_SUB1 (code, root_code, name) VALUES ('21', '2', '과학 전문가 및 관련직');
INSERT INTO JOBS_SUB1 (code, root_code, name) VALUES ('22', '2', '정보 통신 전문가 및 기술직');
INSERT INTO JOBS_SUB1 (code, root_code, name) VALUES ('23', '2', '공학 전문가 및 기술직');
INSERT INTO JOBS_SUB1 (code, root_code, name) VALUES ('24', '2', '보건∙사회복지 및 종교 관련직');
INSERT INTO JOBS_SUB1 (code, root_code, name) VALUES ('25', '2', '교육 전문가 및 관련직');
INSERT INTO JOBS_SUB1 (code, root_code, name) VALUES ('26', '2', '법률 및 행정 전문직');
INSERT INTO JOBS_SUB1 (code, root_code, name) VALUES ('27', '2', '경영∙금융전문가 및 관련직');
INSERT INTO JOBS_SUB1 (code, root_code, name) VALUES ('28', '2', '문화∙예술∙스포츠 전문가 및 관련직');
INSERT INTO JOBS_SUB1 (code, root_code, name) VALUES ('31', '3', '경영 및 회계 관련 사무직');
INSERT INTO JOBS_SUB1 (code, root_code, name) VALUES ('32', '3', '금융 사무직');
INSERT INTO JOBS_SUB1 (code, root_code, name) VALUES ('33', '3', '법률 및 감사 사무직');
INSERT INTO JOBS_SUB1 (code, root_code, name) VALUES ('39', '3', '상담∙안내∙통계 및 기타 사무직');
INSERT INTO JOBS_SUB1 (code, root_code, name) VALUES ('41', '4', '경찰∙소방 및 보안 관련 서비스직');
INSERT INTO JOBS_SUB1 (code, root_code, name) VALUES ('42', '4', '돌봄∙보건 및 개인 생활 서비스직');
INSERT INTO JOBS_SUB1 (code, root_code, name) VALUES ('43', '4', '운송 및 여가 서비스직');
INSERT INTO JOBS_SUB1 (code, root_code, name) VALUES ('44', '4', '조리 및 음식 서비스직');
INSERT INTO JOBS_SUB1 (code, root_code, name) VALUES ('51', '5', '영업직');
INSERT INTO JOBS_SUB1 (code, root_code, name) VALUES ('52', '5', '매장 판매 및 상품 대여직');
INSERT INTO JOBS_SUB1 (code, root_code, name) VALUES ('53', '5', '통신 및 방문∙노점 판매 관련직');
INSERT INTO JOBS_SUB1 (code, root_code, name) VALUES ('61', '6', '농∙축산 숙련직');
INSERT INTO JOBS_SUB1 (code, root_code, name) VALUES ('62', '6', '임업 숙련직');
INSERT INTO JOBS_SUB1 (code, root_code, name) VALUES ('63', '6', '어업 숙련직');
INSERT INTO JOBS_SUB1 (code, root_code, name) VALUES ('71', '7', '식품가공 관련 기능직');
INSERT INTO JOBS_SUB1 (code, root_code, name) VALUES ('72', '7', '섬유∙의복 및 가죽 관련 기능직');
INSERT INTO JOBS_SUB1 (code, root_code, name) VALUES ('73', '7', '목재∙가구∙악기 및 간판 관련 기능직');
INSERT INTO JOBS_SUB1 (code, root_code, name) VALUES ('74', '7', '금속 성형 관련 기능직');
INSERT INTO JOBS_SUB1 (code, root_code, name) VALUES ('75', '7', '운송 및 기계 관련 기능직');
INSERT INTO JOBS_SUB1 (code, root_code, name) VALUES ('76', '7', '전기 및 전자 관련 기능직');
INSERT INTO JOBS_SUB1 (code, root_code, name) VALUES ('77', '7', '정보 통신 및 방송장비 관련 기능직');
INSERT INTO JOBS_SUB1 (code, root_code, name) VALUES ('78', '7', '건설 및 채굴 관련 기능직');
INSERT INTO JOBS_SUB1 (code, root_code, name) VALUES ('79', '7', '기타 기능 관련직');
INSERT INTO JOBS_SUB1 (code, root_code, name) VALUES ('81', '8', '식품가공 관련 기계 조작직');
INSERT INTO JOBS_SUB1 (code, root_code, name) VALUES ('82', '8', '섬유 및 신발 관련 기계 조작직');
INSERT INTO JOBS_SUB1 (code, root_code, name) VALUES ('83', '8', '화학 관련 기계 조작직');
INSERT INTO JOBS_SUB1 (code, root_code, name) VALUES ('84', '8', '금속 및 비금속 관련 기계 조작직');
INSERT INTO JOBS_SUB1 (code, root_code, name) VALUES ('85', '8', '기계 제조 및 관련 기계 조작직');
INSERT INTO JOBS_SUB1 (code, root_code, name) VALUES ('86', '8', '전기 및 전자 관련 기계 조작직');
INSERT INTO JOBS_SUB1 (code, root_code, name) VALUES ('87', '8', '운전 및 운송 관련직');
INSERT INTO JOBS_SUB1 (code, root_code, name) VALUES ('88', '8', '상하수도 및 재활용 처리 관련 기계 조작직');
INSERT INTO JOBS_SUB1 (code, root_code, name) VALUES ('89', '8', '목재∙인쇄 및 기타 기계 조작직');
INSERT INTO JOBS_SUB1 (code, root_code, name) VALUES ('91', '9', '건설 및 광업 관련 단순 노무직');
INSERT INTO JOBS_SUB1 (code, root_code, name) VALUES ('92', '9', '운송 관련 단순 노무직');
INSERT INTO JOBS_SUB1 (code, root_code, name) VALUES ('93', '9', '제조 관련 단순 노무직');
INSERT INTO JOBS_SUB1 (code, root_code, name) VALUES ('94', '9', '청소 및 경비 관련 단순 노무직');
INSERT INTO JOBS_SUB1 (code, root_code, name) VALUES ('95', '9', '가사∙음식 및 판매 관련 단순 노무직');
INSERT INTO JOBS_SUB1 (code, root_code, name) VALUES ('99', '9', '농림∙어업 및 기타 서비스 단순 노무직');
INSERT INTO JOBS_SUB1 (code, root_code, name) VALUES ('A0', 'A', '군인');
INSERT INTO JOBS_SUB1 (code, root_code, name) VALUES ('W1', 'W', '주부');
INSERT INTO JOBS_SUB1 (code, root_code, name) VALUES ('X1', 'X', '학생');
INSERT INTO JOBS_SUB1 (code, root_code, name) VALUES ('Y1', 'Y', '무직');


-- 소분류 코드 데이터
INSERT INTO JOBS_SUB2 (code, sub1_code, name) VALUES ('111', '11', '의회 의원∙고위 공무원 및 공공단체 임원');
INSERT INTO JOBS_SUB2 (code, sub1_code, name) VALUES ('112', '11', '기업 고위 임원');
INSERT INTO JOBS_SUB2 (code, sub1_code, name) VALUES ('121', '12', '행정 및 경영 지원 관리자');
INSERT INTO JOBS_SUB2 (code, sub1_code, name) VALUES ('122', '12', '마케팅 및 광고∙홍보 관리자');
INSERT INTO JOBS_SUB2 (code, sub1_code, name) VALUES ('131', '13', '연구∙교육 및 법률 관련 관리자');
INSERT INTO JOBS_SUB2 (code, sub1_code, name) VALUES ('132', '13', '보험 및 금융 관리자');
INSERT INTO JOBS_SUB2 (code, sub1_code, name) VALUES ('133', '13', '보건 및 사회복지 관련 관리자');
INSERT INTO JOBS_SUB2 (code, sub1_code, name) VALUES ('134', '13', '문화∙예술 관련 관리자');
INSERT INTO JOBS_SUB2 (code, sub1_code, name) VALUES ('135', '13', '정보 통신 관련 관리자');
INSERT INTO JOBS_SUB2 (code, sub1_code, name) VALUES ('139', '13', '기타 전문 서비스 관리자');
INSERT INTO JOBS_SUB2 (code, sub1_code, name) VALUES ('141', '14', '건설∙전기 및 생산 관련 관리자');
INSERT INTO JOBS_SUB2 (code, sub1_code, name) VALUES ('149', '14', '기타 건설∙전기 및 생산 관련 관리자');
INSERT INTO JOBS_SUB2 (code, sub1_code, name) VALUES ('151', '15', '판매 및 운송 관리자');
INSERT INTO JOBS_SUB2 (code, sub1_code, name) VALUES ('152', '15', '고객 서비스 관리자');
INSERT INTO JOBS_SUB2 (code, sub1_code, name) VALUES ('153', '15', '환경∙청소 및 경비 관련 관리자');
INSERT INTO JOBS_SUB2 (code, sub1_code, name) VALUES ('159', '15', '기타 판매 및 고객 서비스 관리자');
INSERT INTO JOBS_SUB2 (code, sub1_code, name) VALUES ('211', '21', '생명 및 자연과학 관련 전문가');
INSERT INTO JOBS_SUB2 (code, sub1_code, name) VALUES ('212', '21', '인문 및 사회과학 전문가');
INSERT INTO JOBS_SUB2 (code, sub1_code, name) VALUES ('213', '21', '생명 및 자연과학 관련 시험원');
INSERT INTO JOBS_SUB2 (code, sub1_code, name) VALUES ('221', '22', '컴퓨터 하드웨어 및 통신공학 전문가');
INSERT INTO JOBS_SUB2 (code, sub1_code, name) VALUES ('222', '22', '컴퓨터 시스템 및 소프트웨어 전문가');
INSERT INTO JOBS_SUB2 (code, sub1_code, name) VALUES ('223', '22', '데이터 및 네트워크 관련 전문가');
INSERT INTO JOBS_SUB2 (code, sub1_code, name) VALUES ('224', '22', '정보 시스템 및 웹 운영자');
INSERT INTO JOBS_SUB2 (code, sub1_code, name) VALUES ('225', '22', '통신 및 방송 송출 장비 기사');
INSERT INTO JOBS_SUB2 (code, sub1_code, name) VALUES ('231', '23', '건축∙토목 공학 기술자 및 시험원');
INSERT INTO JOBS_SUB2 (code, sub1_code, name) VALUES ('232', '23', '화학공학 기술자 및 시험원');
INSERT INTO JOBS_SUB2 (code, sub1_code, name) VALUES ('233', '23', '금속∙재료 공학 기술자 및 시험원');
INSERT INTO JOBS_SUB2 (code, sub1_code, name) VALUES ('234', '23', '전기∙전자공학 기술자 및 시험원');
INSERT INTO JOBS_SUB2 (code, sub1_code, name) VALUES ('235', '23', '기계∙로봇공학 기술자 및 시험원');
INSERT INTO JOBS_SUB2 (code, sub1_code, name) VALUES ('236', '23', '소방∙방재 기술자 및 안전 관리원');
INSERT INTO JOBS_SUB2 (code, sub1_code, name) VALUES ('237', '23', '환경공학∙가스·에너지 기술자 및 시험원');
INSERT INTO JOBS_SUB2 (code, sub1_code, name) VALUES ('238', '23', '항공기∙선박 기관사 및 관제사');
INSERT INTO JOBS_SUB2 (code, sub1_code, name) VALUES ('239', '23', '기타 공학 전문가 및 관련 종사자');
INSERT INTO JOBS_SUB2 (code, sub1_code, name) VALUES ('241', '24', '의료 진료 전문가');
INSERT INTO JOBS_SUB2 (code, sub1_code, name) VALUES ('242', '24', '약사 및 한약사');
INSERT INTO JOBS_SUB2 (code, sub1_code, name) VALUES ('243', '24', '간호사');
INSERT INTO JOBS_SUB2 (code, sub1_code, name) VALUES ('244', '24', '영양사');
INSERT INTO JOBS_SUB2 (code, sub1_code, name) VALUES ('245', '24', '치료∙재활사 및 의료기사');
INSERT INTO JOBS_SUB2 (code, sub1_code, name) VALUES ('246', '24', '보건 의료 관련 종사자');
INSERT INTO JOBS_SUB2 (code, sub1_code, name) VALUES ('247', '24', '사회복지 관련 종사자');
INSERT INTO JOBS_SUB2 (code, sub1_code, name) VALUES ('248', '24', '종교 관련 종사자');
INSERT INTO JOBS_SUB2 (code, sub1_code, name) VALUES ('251', '25', '대학교수 및 강사');
INSERT INTO JOBS_SUB2 (code, sub1_code, name) VALUES ('252', '25', '학교 교사');
INSERT INTO JOBS_SUB2 (code, sub1_code, name) VALUES ('253', '25', '유치원 교사');
INSERT INTO JOBS_SUB2 (code, sub1_code, name) VALUES ('254', '25', '문리∙기술 및 예능 강사');
INSERT INTO JOBS_SUB2 (code, sub1_code, name) VALUES ('259', '25', '기타 교육 전문가');
INSERT INTO JOBS_SUB2 (code, sub1_code, name) VALUES ('261', '26', '법률 전문가');
INSERT INTO JOBS_SUB2 (code, sub1_code, name) VALUES ('262', '26', '행정 전문가');
INSERT INTO JOBS_SUB2 (code, sub1_code, name) VALUES ('271', '27', '인사 및 경영 전문가');
INSERT INTO JOBS_SUB2 (code, sub1_code, name) VALUES ('272', '27', '금융 및 보험 전문가');
INSERT INTO JOBS_SUB2 (code, sub1_code, name) VALUES ('273', '27', '상품 기획∙홍보 및 조사 전문가');
INSERT INTO JOBS_SUB2 (code, sub1_code, name) VALUES ('274', '27', '감정∙기술 영업 및 중개 관련 종사자');
INSERT INTO JOBS_SUB2 (code, sub1_code, name) VALUES ('281', '28', '작가 및 언론 관련 전문가');
INSERT INTO JOBS_SUB2 (code, sub1_code, name) VALUES ('282', '28', '학예사∙사서 및 기록물 관리사');
INSERT INTO JOBS_SUB2 (code, sub1_code, name) VALUES ('283', '28', '연극∙영화 및 영상 전문가');
INSERT INTO JOBS_SUB2 (code, sub1_code, name) VALUES ('284', '28', '시각 및 공연 예술가');
INSERT INTO JOBS_SUB2 (code, sub1_code, name) VALUES ('285', '28', '디자이너');
INSERT INTO JOBS_SUB2 (code, sub1_code, name) VALUES ('286', '28', '스포츠 및 레크리에이션 관련 전문가');
INSERT INTO JOBS_SUB2 (code, sub1_code, name) VALUES ('287', '28', '식문화 관련 전문가');
INSERT INTO JOBS_SUB2 (code, sub1_code, name) VALUES ('288', '28', '문화∙예술 관련 기획자 및 매니저');
INSERT INTO JOBS_SUB2 (code, sub1_code, name) VALUES ('311', '31', '행정 사무원');
INSERT INTO JOBS_SUB2 (code, sub1_code, name) VALUES ('312', '31', '경영 관련 사무원');
INSERT INTO JOBS_SUB2 (code, sub1_code, name) VALUES ('313', '31', '회계 및 경리 사무원');
INSERT INTO JOBS_SUB2 (code, sub1_code, name) VALUES ('314', '31', '비서 및 사무 보조원');
INSERT INTO JOBS_SUB2 (code, sub1_code, name) VALUES ('320', '32', '금융 사무 종사자');
INSERT INTO JOBS_SUB2 (code, sub1_code, name) VALUES ('330', '33', '법률 및 감사 사무 종사자');
INSERT INTO JOBS_SUB2 (code, sub1_code, name) VALUES ('391', '39', '통계 관련 사무원');
INSERT INTO JOBS_SUB2 (code, sub1_code, name) VALUES ('392', '39', '여행∙안내 및 접수 사무원');
INSERT INTO JOBS_SUB2 (code, sub1_code, name) VALUES ('399', '39', '고객 상담 및 기타 사무원');
INSERT INTO JOBS_SUB2 (code, sub1_code, name) VALUES ('411', '41', '경찰∙소방 및 교도 관련 종사자');
INSERT INTO JOBS_SUB2 (code, sub1_code, name) VALUES ('412', '41', '경호 및 보안 관련 종사자');
INSERT INTO JOBS_SUB2 (code, sub1_code, name) VALUES ('421', '42', '돌봄 및 보건 서비스 종사자');
INSERT INTO JOBS_SUB2 (code, sub1_code, name) VALUES ('422', '42', '미용 관련 서비스 종사자');
INSERT INTO JOBS_SUB2 (code, sub1_code, name) VALUES ('423', '42', '혼례 및 장례 종사자');
INSERT INTO JOBS_SUB2 (code, sub1_code, name) VALUES ('429', '42', '기타 돌봄∙보건 및 개인 생활 서비스 종사자');
INSERT INTO JOBS_SUB2 (code, sub1_code, name) VALUES ('431', '43', '운송 서비스 종사자');
INSERT INTO JOBS_SUB2 (code, sub1_code, name) VALUES ('432', '43', '여가 서비스 종사자');
INSERT INTO JOBS_SUB2 (code, sub1_code, name) VALUES ('441', '44', '조리사');
INSERT INTO JOBS_SUB2 (code, sub1_code, name) VALUES ('442', '44', '식음료 서비스 종사자');
INSERT INTO JOBS_SUB2 (code, sub1_code, name) VALUES ('510', '51', '영업 종사자');
INSERT INTO JOBS_SUB2 (code, sub1_code, name) VALUES ('521', '52', '매장 판매 종사자');
INSERT INTO JOBS_SUB2 (code, sub1_code, name) VALUES ('522', '52', '상품 대여 종사자');
INSERT INTO JOBS_SUB2 (code, sub1_code, name) VALUES ('531', '53', '통신 관련 판매직');
INSERT INTO JOBS_SUB2 (code, sub1_code, name) VALUES ('532', '53', '방문 및 노점 판매 관련직');
INSERT INTO JOBS_SUB2 (code, sub1_code, name) VALUES ('611', '61', '작물 재배 종사자');
INSERT INTO JOBS_SUB2 (code, sub1_code, name) VALUES ('612', '61', '원예 및 조경 종사자');
INSERT INTO JOBS_SUB2 (code, sub1_code, name) VALUES ('613', '61', '축산 및 사육 관련 종사자');
INSERT INTO JOBS_SUB2 (code, sub1_code, name) VALUES ('620', '62', '임업 관련 종사자');
INSERT INTO JOBS_SUB2 (code, sub1_code, name) VALUES ('630', '63', '어업 관련 종사자');
INSERT INTO JOBS_SUB2 (code, sub1_code, name) VALUES ('710', '71', '식품가공 관련 기능 종사자');
INSERT INTO JOBS_SUB2 (code, sub1_code, name) VALUES ('721', '72', '섬유 및 가죽 관련 기능 종사자');
INSERT INTO JOBS_SUB2 (code, sub1_code, name) VALUES ('722', '72', '의복 제조 관련 기능 종사자');
INSERT INTO JOBS_SUB2 (code, sub1_code, name) VALUES ('730', '73', '목재∙가구∙악기 및 간판 관련 기능 종사자');
INSERT INTO JOBS_SUB2 (code, sub1_code, name) VALUES ('741', '74', '금형∙주조 및 단조원');
INSERT INTO JOBS_SUB2 (code, sub1_code, name) VALUES ('742', '74', '제관원 및 판금원');
INSERT INTO JOBS_SUB2 (code, sub1_code, name) VALUES ('743', '74', '용접원');
INSERT INTO JOBS_SUB2 (code, sub1_code, name) VALUES ('751', '75', '자동차 정비원');
INSERT INTO JOBS_SUB2 (code, sub1_code, name) VALUES ('752', '75', '운송장비 정비원');
INSERT INTO JOBS_SUB2 (code, sub1_code, name) VALUES ('753', '75', '기계장비 설치 및 정비원');
INSERT INTO JOBS_SUB2 (code, sub1_code, name) VALUES ('761', '76', '전기∙전자기기 설치 및 수리원');
INSERT INTO JOBS_SUB2 (code, sub1_code, name) VALUES ('762', '76', '전기공');
INSERT INTO JOBS_SUB2 (code, sub1_code, name) VALUES ('771', '77', '정보 통신기기 설치 및 수리원');
INSERT INTO JOBS_SUB2 (code, sub1_code, name) VALUES ('772', '77', '방송∙통신장비 관련 설치 및 수리원');
INSERT INTO JOBS_SUB2 (code, sub1_code, name) VALUES ('781', '78', '건설구조 관련 기능 종사자');
INSERT INTO JOBS_SUB2 (code, sub1_code, name) VALUES ('782', '78', '건설 관련 기능 종사자');
INSERT INTO JOBS_SUB2 (code, sub1_code, name) VALUES ('783', '78', '건축 마감 관련 기능 종사자');
INSERT INTO JOBS_SUB2 (code, sub1_code, name) VALUES ('784', '78', '채굴 및 토목 관련 기능 종사자');
INSERT INTO JOBS_SUB2 (code, sub1_code, name) VALUES ('791', '79', '공예 및 귀금속 세공원');
INSERT INTO JOBS_SUB2 (code, sub1_code, name) VALUES ('792', '79', '배관공');
INSERT INTO JOBS_SUB2 (code, sub1_code, name) VALUES ('799', '79', '기타 기능 관련 종사자');
INSERT INTO JOBS_SUB2 (code, sub1_code, name) VALUES ('811', '81', '식품가공 관련 기계 조작원');
INSERT INTO JOBS_SUB2 (code, sub1_code, name) VALUES ('812', '81', '음료 제조 관련 기계 조작원');
INSERT INTO JOBS_SUB2 (code, sub1_code, name) VALUES ('819', '81', '기타 식품가공 관련 기계 조작원');
INSERT INTO JOBS_SUB2 (code, sub1_code, name) VALUES ('821', '82', '섬유 제조 및 가공기계 조작원');
INSERT INTO JOBS_SUB2 (code, sub1_code, name) VALUES ('822', '82', '직물∙신발 관련 기계 조작원 및 조립원');
INSERT INTO JOBS_SUB2 (code, sub1_code, name) VALUES ('823', '82', '세탁 관련 기계 조작원');
INSERT INTO JOBS_SUB2 (code, sub1_code, name) VALUES ('831', '83', '석유 및 화학물 가공 장치 조작원');
INSERT INTO JOBS_SUB2 (code, sub1_code, name) VALUES ('832', '83', '화학∙고무 및 플라스틱 제품 생산기 조작원');
INSERT INTO JOBS_SUB2 (code, sub1_code, name) VALUES ('841', '84', '주조 및 금속가공 관련 기계 조작원');
INSERT INTO JOBS_SUB2 (code, sub1_code, name) VALUES ('842', '84', '도장 및 도금기 조작원');
INSERT INTO JOBS_SUB2 (code, sub1_code, name) VALUES ('843', '84', '비금속제품 생산기 조작원');
INSERT INTO JOBS_SUB2 (code, sub1_code, name) VALUES ('851', '85', '금속 공작 기계 조작원');
INSERT INTO JOBS_SUB2 (code, sub1_code, name) VALUES ('852', '85', '냉난방 관련 설비 조작원');
INSERT INTO JOBS_SUB2 (code, sub1_code, name) VALUES ('853', '85', '자동 조립라인 및 산업용로봇 조작원');
INSERT INTO JOBS_SUB2 (code, sub1_code, name) VALUES ('854', '85', '운송차량 및 기계 관련 조립원');
INSERT INTO JOBS_SUB2 (code, sub1_code, name) VALUES ('855', '85', '금속기계 부품 조립원');
INSERT INTO JOBS_SUB2 (code, sub1_code, name) VALUES ('861', '86', '발전 및 배전장치 조작원');
INSERT INTO JOBS_SUB2 (code, sub1_code, name) VALUES ('862', '86', '전기 및 전자설비 조작원');
INSERT INTO JOBS_SUB2 (code, sub1_code, name) VALUES ('863', '86', '전기∙전자 부품 및 제품 제조 장치 조작원');
INSERT INTO JOBS_SUB2 (code, sub1_code, name) VALUES ('864', '86', '전기∙전자 부품 및 제품 조립원');
INSERT INTO JOBS_SUB2 (code, sub1_code, name) VALUES ('871', '87', '철도 및 전동차 기관사');
INSERT INTO JOBS_SUB2 (code, sub1_code, name) VALUES ('872', '87', '철도운송 관련 종사자');
INSERT INTO JOBS_SUB2 (code, sub1_code, name) VALUES ('873', '87', '자동차 운전원');
INSERT INTO JOBS_SUB2 (code, sub1_code, name) VALUES ('874', '87', '물품 이동 장비 조작원');
INSERT INTO JOBS_SUB2 (code, sub1_code, name) VALUES ('875', '87', '건설 및 채굴기계 운전원');
INSERT INTO JOBS_SUB2 (code, sub1_code, name) VALUES ('876', '87', '선박 승무원 및 관련 종사자');
INSERT INTO JOBS_SUB2 (code, sub1_code, name) VALUES ('881', '88', '상하수도 처리 장치 조작원');
INSERT INTO JOBS_SUB2 (code, sub1_code, name) VALUES ('882', '88', '재활용 처리 및 소각로 조작원');
INSERT INTO JOBS_SUB2 (code, sub1_code, name) VALUES ('891', '89', '목재 및 종이 관련 기계 조작원');
INSERT INTO JOBS_SUB2 (code, sub1_code, name) VALUES ('892', '89', '인쇄 및 사진 현상 관련 기계 조작원');
INSERT INTO JOBS_SUB2 (code, sub1_code, name) VALUES ('899', '89', '기타 기계 조작원');
INSERT INTO JOBS_SUB2 (code, sub1_code, name) VALUES ('910', '91', '건설 및 광업 단순 종사자');
INSERT INTO JOBS_SUB2 (code, sub1_code, name) VALUES ('921', '92', '하역 및 적재 단순 종사자');
INSERT INTO JOBS_SUB2 (code, sub1_code, name) VALUES ('922', '92', '배달원');
INSERT INTO JOBS_SUB2 (code, sub1_code, name) VALUES ('930', '93', '제조 관련 단순 종사자');
INSERT INTO JOBS_SUB2 (code, sub1_code, name) VALUES ('941', '94', '청소원 및 환경미화원');
INSERT INTO JOBS_SUB2 (code, sub1_code, name) VALUES ('942', '94', '건물 관리원 및 검표원');
INSERT INTO JOBS_SUB2 (code, sub1_code, name) VALUES ('951', '95', '가사 및 육아 도우미');
INSERT INTO JOBS_SUB2 (code, sub1_code, name) VALUES ('952', '95', '음식 관련 단순 종사자');
INSERT INTO JOBS_SUB2 (code, sub1_code, name) VALUES ('953', '95', '판매 관련 단순 종사자');
INSERT INTO JOBS_SUB2 (code, sub1_code, name) VALUES ('991', '99', '농림∙어업 관련 단순 종사자');
INSERT INTO JOBS_SUB2 (code, sub1_code, name) VALUES ('992', '99', '계기∙자판기 및 주차 관리 종사자');
INSERT INTO JOBS_SUB2 (code, sub1_code, name) VALUES ('999', '99', '기타 서비스 관련 단순 종사자');
INSERT INTO JOBS_SUB2 (code, sub1_code, name) VALUES ('A01', 'A0', '장교');
INSERT INTO JOBS_SUB2 (code, sub1_code, name) VALUES ('A02', 'A0', '부사관');
INSERT INTO JOBS_SUB2 (code, sub1_code, name) VALUES ('A09', 'A0', '기타 군인');
INSERT INTO JOBS_SUB2 (code, sub1_code, name) VALUES ('W11', 'W1', '주부');
INSERT INTO JOBS_SUB2 (code, sub1_code, name) VALUES ('X11', 'X1', '학생');
INSERT INTO JOBS_SUB2 (code, sub1_code, name) VALUES ('Y11', 'Y1', '무직');


-- 세분류 코드 데이터
INSERT INTO JOBS_SUB3 (code, sub2_code, name) VALUES ('1110', '111', '의회 의원∙고위 공무원 및 공공단체 임원');
INSERT INTO JOBS_SUB3 (code, sub2_code, name) VALUES ('1120', '112', '기업 고위 임원');
INSERT INTO JOBS_SUB3 (code, sub2_code, name) VALUES ('1211', '121', '정부행정 관리자');
INSERT INTO JOBS_SUB3 (code, sub2_code, name) VALUES ('1212', '121', '경영 지원 관리자');
INSERT INTO JOBS_SUB3 (code, sub2_code, name) VALUES ('1220', '122', '마케팅 및 광고∙홍보 관리자');
INSERT INTO JOBS_SUB3 (code, sub2_code, name) VALUES ('1311', '131', '연구 관리자');
INSERT INTO JOBS_SUB3 (code, sub2_code, name) VALUES ('1312', '131', '교육 관리자');
INSERT INTO JOBS_SUB3 (code, sub2_code, name) VALUES ('1313', '131', '법률∙경찰∙소방 및 교도 관리자');
INSERT INTO JOBS_SUB3 (code, sub2_code, name) VALUES ('1320', '132', '보험 및 금융 관리자');
INSERT INTO JOBS_SUB3 (code, sub2_code, name) VALUES ('1331', '133', '보건 의료 관련 관리자');
INSERT INTO JOBS_SUB3 (code, sub2_code, name) VALUES ('1332', '133', '사회복지 관련 관리자');
INSERT INTO JOBS_SUB3 (code, sub2_code, name) VALUES ('1340', '134', '문화∙예술 관련 관리자');
INSERT INTO JOBS_SUB3 (code, sub2_code, name) VALUES ('1350', '135', '정보 통신 관련 관리자');
INSERT INTO JOBS_SUB3 (code, sub2_code, name) VALUES ('1390', '139', '기타 전문 서비스 관리자');
INSERT INTO JOBS_SUB3 (code, sub2_code, name) VALUES ('1411', '141', '건설 및 광업 관련 관리자');
INSERT INTO JOBS_SUB3 (code, sub2_code, name) VALUES ('1412', '141', '전기∙가스 및 수도 관련 관리자');
INSERT INTO JOBS_SUB3 (code, sub2_code, name) VALUES ('1413', '141', '제품 생산 관련 관리자');
INSERT INTO JOBS_SUB3 (code, sub2_code, name) VALUES ('1490', '149', '기타 건설∙전기 및 생산 관련 관리자');
INSERT INTO JOBS_SUB3 (code, sub2_code, name) VALUES ('1511', '151', '영업 및 판매 관련 관리자');
INSERT INTO JOBS_SUB3 (code, sub2_code, name) VALUES ('1512', '151', '운송 관련 관리자');
INSERT INTO JOBS_SUB3 (code, sub2_code, name) VALUES ('1521', '152', '숙박∙여행∙오락 및 스포츠 관련 관리자');
INSERT INTO JOBS_SUB3 (code, sub2_code, name) VALUES ('1522', '152', '음식 서비스 관련 관리자');
INSERT INTO JOBS_SUB3 (code, sub2_code, name) VALUES ('1530', '153', '환경∙청소 및 경비 관련 관리자');
INSERT INTO JOBS_SUB3 (code, sub2_code, name) VALUES ('1590', '159', '기타 판매 및 고객 서비스 관리자');
INSERT INTO JOBS_SUB3 (code, sub2_code, name) VALUES ('2111', '211', '생명과학 연구원');
INSERT INTO JOBS_SUB3 (code, sub2_code, name) VALUES ('2112', '211', '자연과학 연구원');
INSERT INTO JOBS_SUB3 (code, sub2_code, name) VALUES ('2121', '212', '인문과학 연구원');
INSERT INTO JOBS_SUB3 (code, sub2_code, name) VALUES ('2122', '212', '사회과학 연구원');
INSERT INTO JOBS_SUB3 (code, sub2_code, name) VALUES ('2131', '213', '생명과학 시험원');
INSERT INTO JOBS_SUB3 (code, sub2_code, name) VALUES ('2132', '213', '농림∙어업 관련 시험원');
INSERT INTO JOBS_SUB3 (code, sub2_code, name) VALUES ('2133', '213', '자연과학 시험원');
INSERT INTO JOBS_SUB3 (code, sub2_code, name) VALUES ('2211', '221', '컴퓨터 하드웨어 기술자 및 연구원');
INSERT INTO JOBS_SUB3 (code, sub2_code, name) VALUES ('2212', '221', '통신공학 기술자 및 연구원');
INSERT INTO JOBS_SUB3 (code, sub2_code, name) VALUES ('2221', '222', '컴퓨터 시스템 전문가');
INSERT INTO JOBS_SUB3 (code, sub2_code, name) VALUES ('2222', '222', '시스템 소프트웨어 개발자');
INSERT INTO JOBS_SUB3 (code, sub2_code, name) VALUES ('2223', '222', '응용 소프트웨어 개발자');
INSERT INTO JOBS_SUB3 (code, sub2_code, name) VALUES ('2224', '222', '웹 개발자');
INSERT INTO JOBS_SUB3 (code, sub2_code, name) VALUES ('2229', '222', '기타 컴퓨터 시스템 및 소프트웨어 전문가');
INSERT INTO JOBS_SUB3 (code, sub2_code, name) VALUES ('2231', '223', '데이터 전문가');
INSERT INTO JOBS_SUB3 (code, sub2_code, name) VALUES ('2232', '223', '네트워크 시스템 개발자');
INSERT INTO JOBS_SUB3 (code, sub2_code, name) VALUES ('2233', '223', '정보 보안 전문가');
INSERT INTO JOBS_SUB3 (code, sub2_code, name) VALUES ('2239', '223', '기타 데이터 및 네트워크 관련 전문가');
INSERT INTO JOBS_SUB3 (code, sub2_code, name) VALUES ('2241', '224', '정보 시스템 운영자');
INSERT INTO JOBS_SUB3 (code, sub2_code, name) VALUES ('2242', '224', '웹 운영자');
INSERT INTO JOBS_SUB3 (code, sub2_code, name) VALUES ('2250', '225', '통신 및 방송 송출 장비 기사');
INSERT INTO JOBS_SUB3 (code, sub2_code, name) VALUES ('2311', '231', '건축가');
INSERT INTO JOBS_SUB3 (code, sub2_code, name) VALUES ('2312', '231', '건축공학 기술자');
INSERT INTO JOBS_SUB3 (code, sub2_code, name) VALUES ('2313', '231', '토목공학 기술자');
INSERT INTO JOBS_SUB3 (code, sub2_code, name) VALUES ('2314', '231', '조경 기술자');
INSERT INTO JOBS_SUB3 (code, sub2_code, name) VALUES ('2315', '231', '도시 및 교통 관련 전문가');
INSERT INTO JOBS_SUB3 (code, sub2_code, name) VALUES ('2316', '231', '측량 및 지리 정보 전문가');
INSERT INTO JOBS_SUB3 (code, sub2_code, name) VALUES ('2317', '231', '건설자재 시험원');
INSERT INTO JOBS_SUB3 (code, sub2_code, name) VALUES ('2321', '232', '화학공학 기술자 및 연구원');
INSERT INTO JOBS_SUB3 (code, sub2_code, name) VALUES ('2322', '232', '화학공학 시험원');
INSERT INTO JOBS_SUB3 (code, sub2_code, name) VALUES ('2331', '233', '금속∙재료 공학 연구원 및 기술자');
INSERT INTO JOBS_SUB3 (code, sub2_code, name) VALUES ('2332', '233', '금속 및 재료 공학 시험원');
INSERT INTO JOBS_SUB3 (code, sub2_code, name) VALUES ('2341', '234', '전기공학 기술자 및 연구원');
INSERT INTO JOBS_SUB3 (code, sub2_code, name) VALUES ('2342', '234', '전자공학 기술자 및 연구원');
INSERT INTO JOBS_SUB3 (code, sub2_code, name) VALUES ('2343', '234', '전기 및 전자공학 시험원');
INSERT INTO JOBS_SUB3 (code, sub2_code, name) VALUES ('2351', '235', '기계공학 기술자 및 연구원');
INSERT INTO JOBS_SUB3 (code, sub2_code, name) VALUES ('2352', '235', '로봇공학 기술자 및 연구원');
INSERT INTO JOBS_SUB3 (code, sub2_code, name) VALUES ('2353', '235', '기계 및 로봇공학 시험원');
INSERT INTO JOBS_SUB3 (code, sub2_code, name) VALUES ('2361', '236', '방재 기술자 및 연구원');
INSERT INTO JOBS_SUB3 (code, sub2_code, name) VALUES ('2362', '236', '소방공학 기술자 및 연구원');
INSERT INTO JOBS_SUB3 (code, sub2_code, name) VALUES ('2363', '236', '소방공학 시험원');
INSERT INTO JOBS_SUB3 (code, sub2_code, name) VALUES ('2364', '236', '산업 안전 및 위험 관리원');
INSERT INTO JOBS_SUB3 (code, sub2_code, name) VALUES ('2365', '236', '보건 위생 및 환경 검사원');
INSERT INTO JOBS_SUB3 (code, sub2_code, name) VALUES ('2366', '236', '비파괴 검사원');
INSERT INTO JOBS_SUB3 (code, sub2_code, name) VALUES ('2371', '237', '환경공학 기술자 및 연구원');
INSERT INTO JOBS_SUB3 (code, sub2_code, name) VALUES ('2372', '237', '가스∙에너지 기술자 및 연구원');
INSERT INTO JOBS_SUB3 (code, sub2_code, name) VALUES ('2373', '237', '환경공학 시험원');
INSERT INTO JOBS_SUB3 (code, sub2_code, name) VALUES ('2374', '237', '가스 및 에너지 시험원');
INSERT INTO JOBS_SUB3 (code, sub2_code, name) VALUES ('2381', '238', '항공기 조종사');
INSERT INTO JOBS_SUB3 (code, sub2_code, name) VALUES ('2382', '238', '선장∙항해사 및 도선사');
INSERT INTO JOBS_SUB3 (code, sub2_code, name) VALUES ('2383', '238', '관제사');
INSERT INTO JOBS_SUB3 (code, sub2_code, name) VALUES ('2391', '239', '식품공학 기술자 및 연구원');
INSERT INTO JOBS_SUB3 (code, sub2_code, name) VALUES ('2392', '239', '섬유공학 기술자 및 연구원');
INSERT INTO JOBS_SUB3 (code, sub2_code, name) VALUES ('2393', '239', '식품공학 시험원');
INSERT INTO JOBS_SUB3 (code, sub2_code, name) VALUES ('2394', '239', '섬유공학 시험원');
INSERT INTO JOBS_SUB3 (code, sub2_code, name) VALUES ('2395', '239', '제도사');
INSERT INTO JOBS_SUB3 (code, sub2_code, name) VALUES ('2399', '239', '기타 공학 관련 기술자 및 시험원');
INSERT INTO JOBS_SUB3 (code, sub2_code, name) VALUES ('2411', '241', '전문 의사');
INSERT INTO JOBS_SUB3 (code, sub2_code, name) VALUES ('2412', '241', '일반 의사');
INSERT INTO JOBS_SUB3 (code, sub2_code, name) VALUES ('2413', '241', '한의사');
INSERT INTO JOBS_SUB3 (code, sub2_code, name) VALUES ('2414', '241', '치과 의사');
INSERT INTO JOBS_SUB3 (code, sub2_code, name) VALUES ('2415', '241', '수의사');
INSERT INTO JOBS_SUB3 (code, sub2_code, name) VALUES ('2420', '242', '약사 및 한약사');
INSERT INTO JOBS_SUB3 (code, sub2_code, name) VALUES ('2430', '243', '간호사');
INSERT INTO JOBS_SUB3 (code, sub2_code, name) VALUES ('2440', '244', '영양사');
INSERT INTO JOBS_SUB3 (code, sub2_code, name) VALUES ('2451', '245', '임상병리사');
INSERT INTO JOBS_SUB3 (code, sub2_code, name) VALUES ('2452', '245', '방사선사');
INSERT INTO JOBS_SUB3 (code, sub2_code, name) VALUES ('2453', '245', '치과기공사');
INSERT INTO JOBS_SUB3 (code, sub2_code, name) VALUES ('2454', '245', '치과위생사');
INSERT INTO JOBS_SUB3 (code, sub2_code, name) VALUES ('2455', '245', '재활공학 기사');
INSERT INTO JOBS_SUB3 (code, sub2_code, name) VALUES ('2456', '245', '물리 및 작업 치료사');
INSERT INTO JOBS_SUB3 (code, sub2_code, name) VALUES ('2457', '245', '임상심리사');
INSERT INTO JOBS_SUB3 (code, sub2_code, name) VALUES ('2459', '245', '기타 치료∙재활사 및 의료기사');
INSERT INTO JOBS_SUB3 (code, sub2_code, name) VALUES ('2461', '246', '응급 구조사');
INSERT INTO JOBS_SUB3 (code, sub2_code, name) VALUES ('2462', '246', '위생사');
INSERT INTO JOBS_SUB3 (code, sub2_code, name) VALUES ('2463', '246', '안경사');
INSERT INTO JOBS_SUB3 (code, sub2_code, name) VALUES ('2464', '246', '의무 기록사');
INSERT INTO JOBS_SUB3 (code, sub2_code, name) VALUES ('2465', '246', '간호조무사');
INSERT INTO JOBS_SUB3 (code, sub2_code, name) VALUES ('2466', '246', '안마사');
INSERT INTO JOBS_SUB3 (code, sub2_code, name) VALUES ('2471', '247', '사회복지사');
INSERT INTO JOBS_SUB3 (code, sub2_code, name) VALUES ('2472', '247', '보육교사');
INSERT INTO JOBS_SUB3 (code, sub2_code, name) VALUES ('2473', '247', '직업상담사');
INSERT INTO JOBS_SUB3 (code, sub2_code, name) VALUES ('2474', '247', '상담 전문가');
INSERT INTO JOBS_SUB3 (code, sub2_code, name) VALUES ('2475', '247', '청소년 지도사');
INSERT INTO JOBS_SUB3 (code, sub2_code, name) VALUES ('2476', '247', '시민 단체 활동가');
INSERT INTO JOBS_SUB3 (code, sub2_code, name) VALUES ('2479', '247', '기타 사회복지 관련 종사원');
INSERT INTO JOBS_SUB3 (code, sub2_code, name) VALUES ('2481', '248', '성직자');
INSERT INTO JOBS_SUB3 (code, sub2_code, name) VALUES ('2489', '248', '기타 종교 관련 종사원');
INSERT INTO JOBS_SUB3 (code, sub2_code, name) VALUES ('2511', '251', '대학교수');
INSERT INTO JOBS_SUB3 (code, sub2_code, name) VALUES ('2512', '251', '대학 시간강사');
INSERT INTO JOBS_SUB3 (code, sub2_code, name) VALUES ('2521', '252', '중∙고등학교 교사');
INSERT INTO JOBS_SUB3 (code, sub2_code, name) VALUES ('2522', '252', '초등학교 교사');
INSERT INTO JOBS_SUB3 (code, sub2_code, name) VALUES ('2523', '252', '특수교육 교사');
INSERT INTO JOBS_SUB3 (code, sub2_code, name) VALUES ('2530', '253', '유치원 교사');
INSERT INTO JOBS_SUB3 (code, sub2_code, name) VALUES ('2541', '254', '문리 및 어학 강사');
INSERT INTO JOBS_SUB3 (code, sub2_code, name) VALUES ('2542', '254', '컴퓨터 강사');
INSERT INTO JOBS_SUB3 (code, sub2_code, name) VALUES ('2543', '254', '기술 및 기능계 강사');
INSERT INTO JOBS_SUB3 (code, sub2_code, name) VALUES ('2544', '254', '예능 강사');
INSERT INTO JOBS_SUB3 (code, sub2_code, name) VALUES ('2545', '254', '학습지 및 교육 교구 방문강사');
INSERT INTO JOBS_SUB3 (code, sub2_code, name) VALUES ('2549', '254', '기타 문리∙기술 및 예능 강사');
INSERT INTO JOBS_SUB3 (code, sub2_code, name) VALUES ('2591', '259', '장학관∙연구관 및 교육 관련 전문가');
INSERT INTO JOBS_SUB3 (code, sub2_code, name) VALUES ('2592', '259', '대학 교육 조교');
INSERT INTO JOBS_SUB3 (code, sub2_code, name) VALUES ('2599', '259', '기타 교사');
INSERT INTO JOBS_SUB3 (code, sub2_code, name) VALUES ('2611', '261', '판사 및 검사');
INSERT INTO JOBS_SUB3 (code, sub2_code, name) VALUES ('2612', '261', '변호사');
INSERT INTO JOBS_SUB3 (code, sub2_code, name) VALUES ('2613', '261', '법무사 및 집행관');
INSERT INTO JOBS_SUB3 (code, sub2_code, name) VALUES ('2614', '261', '변리사');
INSERT INTO JOBS_SUB3 (code, sub2_code, name) VALUES ('2619', '261', '기타 법률 전문가');
INSERT INTO JOBS_SUB3 (code, sub2_code, name) VALUES ('2620', '262', '정부 및 공공 행정 전문가');
INSERT INTO JOBS_SUB3 (code, sub2_code, name) VALUES ('2711', '271', '인사 및 노사 관련 전문가');
INSERT INTO JOBS_SUB3 (code, sub2_code, name) VALUES ('2712', '271', '회계사');
INSERT INTO JOBS_SUB3 (code, sub2_code, name) VALUES ('2713', '271', '세무사');
INSERT INTO JOBS_SUB3 (code, sub2_code, name) VALUES ('2714', '271', '관세사');
INSERT INTO JOBS_SUB3 (code, sub2_code, name) VALUES ('2715', '271', '경영 및 진단 전문가');
INSERT INTO JOBS_SUB3 (code, sub2_code, name) VALUES ('2721', '272', '투자 및 신용 분석가');
INSERT INTO JOBS_SUB3 (code, sub2_code, name) VALUES ('2722', '272', '자산 운용가');
INSERT INTO JOBS_SUB3 (code, sub2_code, name) VALUES ('2723', '272', '보험 및 금융 상품 개발자');
INSERT INTO JOBS_SUB3 (code, sub2_code, name) VALUES ('2724', '272', '증권 및 외환 딜러');
INSERT INTO JOBS_SUB3 (code, sub2_code, name) VALUES ('2725', '272', '손해 사정사');
INSERT INTO JOBS_SUB3 (code, sub2_code, name) VALUES ('2729', '272', '기타 금융 및 보험 관련 전문가');
INSERT INTO JOBS_SUB3 (code, sub2_code, name) VALUES ('2731', '273', '상품 기획 전문가');
INSERT INTO JOBS_SUB3 (code, sub2_code, name) VALUES ('2732', '273', '여행 상품 개발자');
INSERT INTO JOBS_SUB3 (code, sub2_code, name) VALUES ('2733', '273', '광고 및 홍보 전문가');
INSERT INTO JOBS_SUB3 (code, sub2_code, name) VALUES ('2734', '273', '조사 전문가');
INSERT INTO JOBS_SUB3 (code, sub2_code, name) VALUES ('2735', '273', '행사 기획자');
INSERT INTO JOBS_SUB3 (code, sub2_code, name) VALUES ('2741', '274', '감정 관련 전문가');
INSERT INTO JOBS_SUB3 (code, sub2_code, name) VALUES ('2742', '274', '해외 영업원');
INSERT INTO JOBS_SUB3 (code, sub2_code, name) VALUES ('2743', '274', '기술 영업원');
INSERT INTO JOBS_SUB3 (code, sub2_code, name) VALUES ('2744', '274', '상품 중개인 및 경매사');
INSERT INTO JOBS_SUB3 (code, sub2_code, name) VALUES ('2745', '274', '부동산 컨설턴트 및 중개사');
INSERT INTO JOBS_SUB3 (code, sub2_code, name) VALUES ('2749', '274', '기타 기술 영업 및 중개 관련 종사원');
INSERT INTO JOBS_SUB3 (code, sub2_code, name) VALUES ('2811', '281', '작가');
INSERT INTO JOBS_SUB3 (code, sub2_code, name) VALUES ('2812', '281', '출판물 전문가');
INSERT INTO JOBS_SUB3 (code, sub2_code, name) VALUES ('2813', '281', '기자 및 언론 관련 전문가');
INSERT INTO JOBS_SUB3 (code, sub2_code, name) VALUES ('2814', '281', '번역가 및 통역가');
INSERT INTO JOBS_SUB3 (code, sub2_code, name) VALUES ('2821', '282', '학예사 및 문화재 보존원');
INSERT INTO JOBS_SUB3 (code, sub2_code, name) VALUES ('2822', '282', '사서 및 기록물 관리사');
INSERT INTO JOBS_SUB3 (code, sub2_code, name) VALUES ('2831', '283', '감독 및 기술 감독');
INSERT INTO JOBS_SUB3 (code, sub2_code, name) VALUES ('2832', '283', '배우 및 모델');
INSERT INTO JOBS_SUB3 (code, sub2_code, name) VALUES ('2833', '283', '아나운서 및 리포터');
INSERT INTO JOBS_SUB3 (code, sub2_code, name) VALUES ('2834', '283', '촬영기사');
INSERT INTO JOBS_SUB3 (code, sub2_code, name) VALUES ('2835', '283', '음향 및 녹음 기사');
INSERT INTO JOBS_SUB3 (code, sub2_code, name) VALUES ('2836', '283', '영상∙녹화 및 편집 기사');
INSERT INTO JOBS_SUB3 (code, sub2_code, name) VALUES ('2837', '283', '조명기사 및 영사기사');
INSERT INTO JOBS_SUB3 (code, sub2_code, name) VALUES ('2839', '283', '기타 연극∙영화 및 영상 관련 종사원');
INSERT INTO JOBS_SUB3 (code, sub2_code, name) VALUES ('2841', '284', '화가 및 조각가');
INSERT INTO JOBS_SUB3 (code, sub2_code, name) VALUES ('2842', '284', '사진기자 및 사진가');
INSERT INTO JOBS_SUB3 (code, sub2_code, name) VALUES ('2843', '284', '만화가 및 만화영화 작가');
INSERT INTO JOBS_SUB3 (code, sub2_code, name) VALUES ('2844', '284', '국악 및 전통 예능인');
INSERT INTO JOBS_SUB3 (code, sub2_code, name) VALUES ('2845', '284', '지휘자∙작곡가 및 연주가');
INSERT INTO JOBS_SUB3 (code, sub2_code, name) VALUES ('2846', '284', '가수 및 성악가');
INSERT INTO JOBS_SUB3 (code, sub2_code, name) VALUES ('2847', '284', '무용가 및 안무가');
INSERT INTO JOBS_SUB3 (code, sub2_code, name) VALUES ('2849', '284', '기타 시각 및 공연 예술가');
INSERT INTO JOBS_SUB3 (code, sub2_code, name) VALUES ('2851', '285', '제품 디자이너');
INSERT INTO JOBS_SUB3 (code, sub2_code, name) VALUES ('2852', '285', '패션 디자이너');
INSERT INTO JOBS_SUB3 (code, sub2_code, name) VALUES ('2853', '285', '실내장식 디자이너');
INSERT INTO JOBS_SUB3 (code, sub2_code, name) VALUES ('2854', '285', '시각 디자이너');
INSERT INTO JOBS_SUB3 (code, sub2_code, name) VALUES ('2855', '285', '미디어 콘텐츠 디자이너');
INSERT INTO JOBS_SUB3 (code, sub2_code, name) VALUES ('2861', '286', '스포츠 감독 및 코치');
INSERT INTO JOBS_SUB3 (code, sub2_code, name) VALUES ('2862', '286', '직업 운동선수');
INSERT INTO JOBS_SUB3 (code, sub2_code, name) VALUES ('2863', '286', '경기 심판 및 경기 기록원');
INSERT INTO JOBS_SUB3 (code, sub2_code, name) VALUES ('2869', '286', '기타 스포츠 및 레크리에이션 관련 전문가');
INSERT INTO JOBS_SUB3 (code, sub2_code, name) VALUES ('2870', '287', '주방장 및 요리 연구가');
INSERT INTO JOBS_SUB3 (code, sub2_code, name) VALUES ('2881', '288', '공연·영화 및 음반 기획자');
INSERT INTO JOBS_SUB3 (code, sub2_code, name) VALUES ('2882', '288', '연예인 및 스포츠 매니저');
INSERT INTO JOBS_SUB3 (code, sub2_code, name) VALUES ('3111', '311', '조세행정 사무원');
INSERT INTO JOBS_SUB3 (code, sub2_code, name) VALUES ('3112', '311', '관세행정 사무원');
INSERT INTO JOBS_SUB3 (code, sub2_code, name) VALUES ('3113', '311', '병무행정 사무원');
INSERT INTO JOBS_SUB3 (code, sub2_code, name) VALUES ('3114', '311', '국가 및 지방 행정 사무원');
INSERT INTO JOBS_SUB3 (code, sub2_code, name) VALUES ('3115', '311', '공공행정 사무원');
INSERT INTO JOBS_SUB3 (code, sub2_code, name) VALUES ('3121', '312', '기획 및 마케팅 사무원');
INSERT INTO JOBS_SUB3 (code, sub2_code, name) VALUES ('3122', '312', '인사 및 교육∙훈련 사무원');
INSERT INTO JOBS_SUB3 (code, sub2_code, name) VALUES ('3123', '312', '자재 관리 사무원');
INSERT INTO JOBS_SUB3 (code, sub2_code, name) VALUES ('3124', '312', '생산 및 품질 관리 사무원');
INSERT INTO JOBS_SUB3 (code, sub2_code, name) VALUES ('3125', '312', '무역 사무원');
INSERT INTO JOBS_SUB3 (code, sub2_code, name) VALUES ('3126', '312', '운송 사무원');
INSERT INTO JOBS_SUB3 (code, sub2_code, name) VALUES ('3127', '312', '총무 사무원 및 대학 행정조교');
INSERT INTO JOBS_SUB3 (code, sub2_code, name) VALUES ('3131', '313', '회계 사무원');
INSERT INTO JOBS_SUB3 (code, sub2_code, name) VALUES ('3132', '313', '경리 사무원');
INSERT INTO JOBS_SUB3 (code, sub2_code, name) VALUES ('3141', '314', '비서');
INSERT INTO JOBS_SUB3 (code, sub2_code, name) VALUES ('3142', '314', '전산 자료 입력원 및 사무 보조원');
INSERT INTO JOBS_SUB3 (code, sub2_code, name) VALUES ('3201', '320', '출납 창구 사무원');
INSERT INTO JOBS_SUB3 (code, sub2_code, name) VALUES ('3202', '320', '보험 심사원 및 사무원');
INSERT INTO JOBS_SUB3 (code, sub2_code, name) VALUES ('3203', '320', '은행 사무원');
INSERT INTO JOBS_SUB3 (code, sub2_code, name) VALUES ('3204', '320', '증권 사무원');
INSERT INTO JOBS_SUB3 (code, sub2_code, name) VALUES ('3205', '320', '수금원 및 신용 추심원');
INSERT INTO JOBS_SUB3 (code, sub2_code, name) VALUES ('3209', '320', '기타 금융 사무원');
INSERT INTO JOBS_SUB3 (code, sub2_code, name) VALUES ('3301', '330', '법률 관련 사무원');
INSERT INTO JOBS_SUB3 (code, sub2_code, name) VALUES ('3302', '330', '감사 사무원');
INSERT INTO JOBS_SUB3 (code, sub2_code, name) VALUES ('3910', '391', '통계 관련 사무원');
INSERT INTO JOBS_SUB3 (code, sub2_code, name) VALUES ('3921', '392', '여행 사무원');
INSERT INTO JOBS_SUB3 (code, sub2_code, name) VALUES ('3922', '392', '안내∙접수원 및 전화교환원');
INSERT INTO JOBS_SUB3 (code, sub2_code, name) VALUES ('3991', '399', '고객 상담 및 모니터 요원');
INSERT INTO JOBS_SUB3 (code, sub2_code, name) VALUES ('3999', '399', '기타 사무원');
INSERT INTO JOBS_SUB3 (code, sub2_code, name) VALUES ('4111', '411', '경찰관 및 수사관');
INSERT INTO JOBS_SUB3 (code, sub2_code, name) VALUES ('4112', '411', '소방관');
INSERT INTO JOBS_SUB3 (code, sub2_code, name) VALUES ('4113', '411', '소년원 학교 교사 및 교도관');
INSERT INTO JOBS_SUB3 (code, sub2_code, name) VALUES ('4121', '412', '경호원');
INSERT INTO JOBS_SUB3 (code, sub2_code, name) VALUES ('4122', '412', '청원경찰');
INSERT INTO JOBS_SUB3 (code, sub2_code, name) VALUES ('4123', '412', '시설 및 특수 경비원');
INSERT INTO JOBS_SUB3 (code, sub2_code, name) VALUES ('4129', '412', '기타 경호 및 보안 관련 종사원');
INSERT INTO JOBS_SUB3 (code, sub2_code, name) VALUES ('4211', '421', '돌봄 서비스 종사원');
INSERT INTO JOBS_SUB3 (code, sub2_code, name) VALUES ('4212', '421', '보육 및 교사 보조 서비스 종사원');
INSERT INTO JOBS_SUB3 (code, sub2_code, name) VALUES ('4219', '421', '기타 돌봄 및 보건 서비스 종사원');
INSERT INTO JOBS_SUB3 (code, sub2_code, name) VALUES ('4221', '422', '이용사');
INSERT INTO JOBS_SUB3 (code, sub2_code, name) VALUES ('4222', '422', '미용사');
INSERT INTO JOBS_SUB3 (code, sub2_code, name) VALUES ('4223', '422', '피부 및 체형 관리사');
INSERT INTO JOBS_SUB3 (code, sub2_code, name) VALUES ('4224', '422', '메이크업 아티스트 및 분장사');
INSERT INTO JOBS_SUB3 (code, sub2_code, name) VALUES ('4229', '422', '기타 미용 관련 서비스 종사원');
INSERT INTO JOBS_SUB3 (code, sub2_code, name) VALUES ('4231', '423', '결혼상담원 및 웨딩플래너');
INSERT INTO JOBS_SUB3 (code, sub2_code, name) VALUES ('4232', '423', '혼례 종사원');
INSERT INTO JOBS_SUB3 (code, sub2_code, name) VALUES ('4233', '423', '장례 상담원 및 장례 지도사');
INSERT INTO JOBS_SUB3 (code, sub2_code, name) VALUES ('4291', '429', '반려동물 미용 및 관리 종사원');
INSERT INTO JOBS_SUB3 (code, sub2_code, name) VALUES ('4292', '429', '점술가 및 민속신앙 종사원');
INSERT INTO JOBS_SUB3 (code, sub2_code, name) VALUES ('4293', '429', '개인 생활 서비스 종사원');
INSERT INTO JOBS_SUB3 (code, sub2_code, name) VALUES ('4311', '431', '항공기 객실 승무원');
INSERT INTO JOBS_SUB3 (code, sub2_code, name) VALUES ('4312', '431', '선박 및 열차 객실 승무원');
INSERT INTO JOBS_SUB3 (code, sub2_code, name) VALUES ('4321', '432', '여가 및 관광 서비스 종사원');
INSERT INTO JOBS_SUB3 (code, sub2_code, name) VALUES ('4322', '432', '숙박시설 서비스 종사원');
INSERT INTO JOBS_SUB3 (code, sub2_code, name) VALUES ('4323', '432', '오락시설 서비스 종사원');
INSERT INTO JOBS_SUB3 (code, sub2_code, name) VALUES ('4329', '432', '기타 여가 서비스 종사원');
INSERT INTO JOBS_SUB3 (code, sub2_code, name) VALUES ('4411', '441', '한식 조리사');
INSERT INTO JOBS_SUB3 (code, sub2_code, name) VALUES ('4412', '441', '중식 조리사');
INSERT INTO JOBS_SUB3 (code, sub2_code, name) VALUES ('4413', '441', '양식 조리사');
INSERT INTO JOBS_SUB3 (code, sub2_code, name) VALUES ('4414', '441', '일식 조리사');
INSERT INTO JOBS_SUB3 (code, sub2_code, name) VALUES ('4415', '441', '음료 조리사');
INSERT INTO JOBS_SUB3 (code, sub2_code, name) VALUES ('4419', '441', '기타 조리사');
INSERT INTO JOBS_SUB3 (code, sub2_code, name) VALUES ('4421', '442', '바텐더');
INSERT INTO JOBS_SUB3 (code, sub2_code, name) VALUES ('4422', '442', '웨이터');
INSERT INTO JOBS_SUB3 (code, sub2_code, name) VALUES ('4429', '442', '기타 음식 서비스 종사원');
INSERT INTO JOBS_SUB3 (code, sub2_code, name) VALUES ('5101', '510', '자동차 영업원');
INSERT INTO JOBS_SUB3 (code, sub2_code, name) VALUES ('5102', '510', '제품 및 광고 영업원');
INSERT INTO JOBS_SUB3 (code, sub2_code, name) VALUES ('5103', '510', '보험 모집인 및 투자 권유 대행인');
INSERT INTO JOBS_SUB3 (code, sub2_code, name) VALUES ('5104', '510', '대출 및 신용카드 모집인');
INSERT INTO JOBS_SUB3 (code, sub2_code, name) VALUES ('5211', '521', '소규모 상점 경영 및 일선 관리 종사원');
INSERT INTO JOBS_SUB3 (code, sub2_code, name) VALUES ('5212', '521', '상점 판매원');
INSERT INTO JOBS_SUB3 (code, sub2_code, name) VALUES ('5213', '521', '매표원 및 복권 판매원');
INSERT INTO JOBS_SUB3 (code, sub2_code, name) VALUES ('5214', '521', '매장 계산원 및 요금 정산원');
INSERT INTO JOBS_SUB3 (code, sub2_code, name) VALUES ('5220', '522', '상품 대여원');
INSERT INTO JOBS_SUB3 (code, sub2_code, name) VALUES ('5311', '531', '단말기 및 통신 서비스 판매원');
INSERT INTO JOBS_SUB3 (code, sub2_code, name) VALUES ('5312', '531', '온라인 쇼핑 판매원');
INSERT INTO JOBS_SUB3 (code, sub2_code, name) VALUES ('5313', '531', '텔레마케터');
INSERT INTO JOBS_SUB3 (code, sub2_code, name) VALUES ('5321', '532', '방문 판매원');
INSERT INTO JOBS_SUB3 (code, sub2_code, name) VALUES ('5322', '532', '노점 및 이동 판매원');
INSERT INTO JOBS_SUB3 (code, sub2_code, name) VALUES ('5323', '532', '홍보 도우미 및 판촉원');
INSERT INTO JOBS_SUB3 (code, sub2_code, name) VALUES ('6111', '611', '곡식작물 재배원');
INSERT INTO JOBS_SUB3 (code, sub2_code, name) VALUES ('6112', '611', '채소 및 특용작물 재배원');
INSERT INTO JOBS_SUB3 (code, sub2_code, name) VALUES ('6113', '611', '과수작물 재배원');
INSERT INTO JOBS_SUB3 (code, sub2_code, name) VALUES ('6121', '612', '원예작물 재배원');
INSERT INTO JOBS_SUB3 (code, sub2_code, name) VALUES ('6122', '612', '조경원');
INSERT INTO JOBS_SUB3 (code, sub2_code, name) VALUES ('6131', '613', '낙농업 관련 종사원');
INSERT INTO JOBS_SUB3 (code, sub2_code, name) VALUES ('6132', '613', '가축 사육 종사원');
INSERT INTO JOBS_SUB3 (code, sub2_code, name) VALUES ('6139', '613', '기타 사육 관련 종사원');
INSERT INTO JOBS_SUB3 (code, sub2_code, name) VALUES ('6201', '620', '조림∙산림경영인 및 벌목원');
INSERT INTO JOBS_SUB3 (code, sub2_code, name) VALUES ('6209', '620', '임산물 채취 및 기타 임업 관련 종사원');
INSERT INTO JOBS_SUB3 (code, sub2_code, name) VALUES ('6301', '630', '양식원');
INSERT INTO JOBS_SUB3 (code, sub2_code, name) VALUES ('6302', '630', '어부 및 해녀');
INSERT INTO JOBS_SUB3 (code, sub2_code, name) VALUES ('7101', '710', '제빵사 및 제과원');
INSERT INTO JOBS_SUB3 (code, sub2_code, name) VALUES ('7102', '710', '떡 제조원');
INSERT INTO JOBS_SUB3 (code, sub2_code, name) VALUES ('7103', '710', '정육가공원 및 도축원');
INSERT INTO JOBS_SUB3 (code, sub2_code, name) VALUES ('7104', '710', '식품 및 담배 등급원');
INSERT INTO JOBS_SUB3 (code, sub2_code, name) VALUES ('7105', '710', '김치 및 밑반찬 제조 종사원');
INSERT INTO JOBS_SUB3 (code, sub2_code, name) VALUES ('7109', '710', '기타 식품가공 관련 종사원');
INSERT INTO JOBS_SUB3 (code, sub2_code, name) VALUES ('7211', '721', '패턴사');
INSERT INTO JOBS_SUB3 (code, sub2_code, name) VALUES ('7212', '721', '재단사');
INSERT INTO JOBS_SUB3 (code, sub2_code, name) VALUES ('7213', '721', '재봉사');
INSERT INTO JOBS_SUB3 (code, sub2_code, name) VALUES ('7214', '721', '제화원');
INSERT INTO JOBS_SUB3 (code, sub2_code, name) VALUES ('7219', '721', '기타 섬유 및 가죽 관련 기능 종사원');
INSERT INTO JOBS_SUB3 (code, sub2_code, name) VALUES ('7221', '722', '한복 제조원');
INSERT INTO JOBS_SUB3 (code, sub2_code, name) VALUES ('7222', '722', '양장 및 양복 제조원');
INSERT INTO JOBS_SUB3 (code, sub2_code, name) VALUES ('7223', '722', '모피 및 가죽 의복 제조원');
INSERT INTO JOBS_SUB3 (code, sub2_code, name) VALUES ('7224', '722', '의복∙가죽 및 모피 수선원');
INSERT INTO JOBS_SUB3 (code, sub2_code, name) VALUES ('7229', '722', '기타 의복 제조 관련 기능 종사원');
INSERT INTO JOBS_SUB3 (code, sub2_code, name) VALUES ('7301', '730', '목제품 제조 관련 종사원');
INSERT INTO JOBS_SUB3 (code, sub2_code, name) VALUES ('7302', '730', '가구 제조 및 수리원');
INSERT INTO JOBS_SUB3 (code, sub2_code, name) VALUES ('7303', '730', '악기 제조 및 조율사');
INSERT INTO JOBS_SUB3 (code, sub2_code, name) VALUES ('7304', '730', '간판 제작 및 설치원');
INSERT INTO JOBS_SUB3 (code, sub2_code, name) VALUES ('7411', '741', '금형원');
INSERT INTO JOBS_SUB3 (code, sub2_code, name) VALUES ('7412', '741', '주조원');
INSERT INTO JOBS_SUB3 (code, sub2_code, name) VALUES ('7413', '741', '단조원');
INSERT INTO JOBS_SUB3 (code, sub2_code, name) VALUES ('7421', '742', '제관원');
INSERT INTO JOBS_SUB3 (code, sub2_code, name) VALUES ('7422', '742', '판금원');
INSERT INTO JOBS_SUB3 (code, sub2_code, name) VALUES ('7430', '743', '용접원');
INSERT INTO JOBS_SUB3 (code, sub2_code, name) VALUES ('7510', '751', '자동차 정비원');
INSERT INTO JOBS_SUB3 (code, sub2_code, name) VALUES ('7521', '752', '항공기 정비원');
INSERT INTO JOBS_SUB3 (code, sub2_code, name) VALUES ('7522', '752', '선박 정비원');
INSERT INTO JOBS_SUB3 (code, sub2_code, name) VALUES ('7523', '752', '철도 기관차 및 전동차 정비원');
INSERT INTO JOBS_SUB3 (code, sub2_code, name) VALUES ('7529', '752', '기타 운송장비 정비원');
INSERT INTO JOBS_SUB3 (code, sub2_code, name) VALUES ('7531', '753', '공업기계 설치 및 정비원');
INSERT INTO JOBS_SUB3 (code, sub2_code, name) VALUES ('7532', '753', '승강기 설치 및 정비원');
INSERT INTO JOBS_SUB3 (code, sub2_code, name) VALUES ('7533', '753', '물품 이동 장비 설치 및 정비원');
INSERT INTO JOBS_SUB3 (code, sub2_code, name) VALUES ('7534', '753', '냉동∙냉장∙공조기 설치 및 정비원');
INSERT INTO JOBS_SUB3 (code, sub2_code, name) VALUES ('7535', '753', '보일러 설치 및 정비원');
INSERT INTO JOBS_SUB3 (code, sub2_code, name) VALUES ('7536', '753', '건설∙광업기계 설치 및 정비원');
INSERT INTO JOBS_SUB3 (code, sub2_code, name) VALUES ('7539', '753', '농업용∙기타 기계장비 설치 및 정비원');
INSERT INTO JOBS_SUB3 (code, sub2_code, name) VALUES ('7611', '761', '사무용 전자기기 설치 및 수리원');
INSERT INTO JOBS_SUB3 (code, sub2_code, name) VALUES ('7612', '761', '가전제품 설치 및 수리원');
INSERT INTO JOBS_SUB3 (code, sub2_code, name) VALUES ('7619', '761', '기타 전기∙전자기기 설치 및 수리원');
INSERT INTO JOBS_SUB3 (code, sub2_code, name) VALUES ('7621', '762', '산업 전기공');
INSERT INTO JOBS_SUB3 (code, sub2_code, name) VALUES ('7622', '762', '내선 전기공');
INSERT INTO JOBS_SUB3 (code, sub2_code, name) VALUES ('7623', '762', '외선 전기공');
INSERT INTO JOBS_SUB3 (code, sub2_code, name) VALUES ('7711', '771', '컴퓨터 설치 및 수리원');
INSERT INTO JOBS_SUB3 (code, sub2_code, name) VALUES ('7712', '771', '이동전화기 수리원');
INSERT INTO JOBS_SUB3 (code, sub2_code, name) VALUES ('7719', '771', '기타 정보 통신기기 설치 및 수리원');
INSERT INTO JOBS_SUB3 (code, sub2_code, name) VALUES ('7721', '772', '방송 관련 장비 설치 및 수리원');
INSERT INTO JOBS_SUB3 (code, sub2_code, name) VALUES ('7722', '772', '통신 관련 장비 설치 및 수리원');
INSERT INTO JOBS_SUB3 (code, sub2_code, name) VALUES ('7723', '772', '통신·방송∙인터넷케이블 설치 및 수리원');
INSERT INTO JOBS_SUB3 (code, sub2_code, name) VALUES ('7811', '781', '강구조물 가공원 및 건립원');
INSERT INTO JOBS_SUB3 (code, sub2_code, name) VALUES ('7812', '781', '경량 철골공');
INSERT INTO JOBS_SUB3 (code, sub2_code, name) VALUES ('7821', '782', '철근공');
INSERT INTO JOBS_SUB3 (code, sub2_code, name) VALUES ('7822', '782', '콘크리트공');
INSERT INTO JOBS_SUB3 (code, sub2_code, name) VALUES ('7823', '782', '건축 석공');
INSERT INTO JOBS_SUB3 (code, sub2_code, name) VALUES ('7824', '782', '건축 목공');
INSERT INTO JOBS_SUB3 (code, sub2_code, name) VALUES ('7825', '782', '조적공 및 석재 부설원');
INSERT INTO JOBS_SUB3 (code, sub2_code, name) VALUES ('7829', '782', '기타 건설 관련 기능 종사원');
INSERT INTO JOBS_SUB3 (code, sub2_code, name) VALUES ('7831', '783', '미장공');
INSERT INTO JOBS_SUB3 (code, sub2_code, name) VALUES ('7832', '783', '방수공');
INSERT INTO JOBS_SUB3 (code, sub2_code, name) VALUES ('7833', '783', '단열공');
INSERT INTO JOBS_SUB3 (code, sub2_code, name) VALUES ('7834', '783', '바닥재 시공원');
INSERT INTO JOBS_SUB3 (code, sub2_code, name) VALUES ('7835', '783', '도배공 및 유리 부착원');
INSERT INTO JOBS_SUB3 (code, sub2_code, name) VALUES ('7836', '783', '건축 도장공');
INSERT INTO JOBS_SUB3 (code, sub2_code, name) VALUES ('7837', '783', '새시 조립 및 설치원');
INSERT INTO JOBS_SUB3 (code, sub2_code, name) VALUES ('7839', '783', '기타 건축 마감 관련 기능 종사원');
INSERT INTO JOBS_SUB3 (code, sub2_code, name) VALUES ('7841', '784', '광원∙채석원 및 석재 절단원');
INSERT INTO JOBS_SUB3 (code, sub2_code, name) VALUES ('7842', '784', '철로 설치 및 보수원');
INSERT INTO JOBS_SUB3 (code, sub2_code, name) VALUES ('7849', '784', '기타 채굴 및 토목 관련 종사원');
INSERT INTO JOBS_SUB3 (code, sub2_code, name) VALUES ('7911', '791', '공예원');
INSERT INTO JOBS_SUB3 (code, sub2_code, name) VALUES ('7912', '791', '귀금속 및 보석 세공원');
INSERT INTO JOBS_SUB3 (code, sub2_code, name) VALUES ('7921', '792', '건설 배관공');
INSERT INTO JOBS_SUB3 (code, sub2_code, name) VALUES ('7922', '792', '공업 배관공');
INSERT INTO JOBS_SUB3 (code, sub2_code, name) VALUES ('7929', '792', '기타 배관공');
INSERT INTO JOBS_SUB3 (code, sub2_code, name) VALUES ('7991', '799', '배관 세정원 및 방역원');
INSERT INTO JOBS_SUB3 (code, sub2_code, name) VALUES ('7999', '799', '기타 기능 관련 종사원');
INSERT INTO JOBS_SUB3 (code, sub2_code, name) VALUES ('8111', '811', '제분 및 도정 관련 기계 조작원');
INSERT INTO JOBS_SUB3 (code, sub2_code, name) VALUES ('8112', '811', '곡물가공 제품 기계 조작원');
INSERT INTO JOBS_SUB3 (code, sub2_code, name) VALUES ('8113', '811', '육류∙어패류 및 낙농품 가공 기계 조작원');
INSERT INTO JOBS_SUB3 (code, sub2_code, name) VALUES ('8114', '811', '과실 및 채소 가공 관련 기계 조작원');
INSERT INTO JOBS_SUB3 (code, sub2_code, name) VALUES ('8120', '812', '음료 제조 관련 기계 조작원');
INSERT INTO JOBS_SUB3 (code, sub2_code, name) VALUES ('8190', '819', '기타 식품가공 관련 기계 조작원');
INSERT INTO JOBS_SUB3 (code, sub2_code, name) VALUES ('8211', '821', '섬유 제조 기계 조작원');
INSERT INTO JOBS_SUB3 (code, sub2_code, name) VALUES ('8212', '821', '표백 및 염색 관련 기계 조작원');
INSERT INTO JOBS_SUB3 (code, sub2_code, name) VALUES ('8221', '822', '직조기 및 편직기 조작원');
INSERT INTO JOBS_SUB3 (code, sub2_code, name) VALUES ('8222', '822', '신발 제조기 조작원 및 조립원');
INSERT INTO JOBS_SUB3 (code, sub2_code, name) VALUES ('8229', '822', '기타 직물∙신발 관련 기계 조작원 및 조립원');
INSERT INTO JOBS_SUB3 (code, sub2_code, name) VALUES ('8230', '823', '세탁 관련 기계 조작원');
INSERT INTO JOBS_SUB3 (code, sub2_code, name) VALUES ('8311', '831', '석유 및 천연가스 제조 관련 제어 장치 조작원');
INSERT INTO JOBS_SUB3 (code, sub2_code, name) VALUES ('8312', '831', '화학물 가공 장치 조작원');
INSERT INTO JOBS_SUB3 (code, sub2_code, name) VALUES ('8319', '831', '기타 석유 및 화학물 가공 장치 조작원');
INSERT INTO JOBS_SUB3 (code, sub2_code, name) VALUES ('8321', '832', '화학제품 생산기 조작원');
INSERT INTO JOBS_SUB3 (code, sub2_code, name) VALUES ('8322', '832', '타이어 및 고무제품 생산기 조작원');
INSERT INTO JOBS_SUB3 (code, sub2_code, name) VALUES ('8323', '832', '플라스틱제품 생산기 조작원');
INSERT INTO JOBS_SUB3 (code, sub2_code, name) VALUES ('8324', '832', '고무 및 플라스틱제품 조립원');
INSERT INTO JOBS_SUB3 (code, sub2_code, name) VALUES ('8411', '841', '주조기 조작원');
INSERT INTO JOBS_SUB3 (code, sub2_code, name) VALUES ('8412', '841', '단조기 조작원');
INSERT INTO JOBS_SUB3 (code, sub2_code, name) VALUES ('8413', '841', '용접기 조작원');
INSERT INTO JOBS_SUB3 (code, sub2_code, name) VALUES ('8414', '841', '금속가공 관련 제어 장치 조작원');
INSERT INTO JOBS_SUB3 (code, sub2_code, name) VALUES ('8415', '841', '금속가공 기계 조작원');
INSERT INTO JOBS_SUB3 (code, sub2_code, name) VALUES ('8416', '841', '제관기 조작원');
INSERT INTO JOBS_SUB3 (code, sub2_code, name) VALUES ('8417', '841', '판금기 조작원');
INSERT INTO JOBS_SUB3 (code, sub2_code, name) VALUES ('8421', '842', '도장기 조작원');
INSERT INTO JOBS_SUB3 (code, sub2_code, name) VALUES ('8422', '842', '도금 및 금속 분무기 조작원');
INSERT INTO JOBS_SUB3 (code, sub2_code, name) VALUES ('8431', '843', '유리 제조 및 가공기 조작원');
INSERT INTO JOBS_SUB3 (code, sub2_code, name) VALUES ('8432', '843', '점토제품 생산기 조작원');
INSERT INTO JOBS_SUB3 (code, sub2_code, name) VALUES ('8433', '843', '시멘트 및 광물제품 제조기 조작원');
INSERT INTO JOBS_SUB3 (code, sub2_code, name) VALUES ('8434', '843', '광석 및 석제품 가공기 조작원');
INSERT INTO JOBS_SUB3 (code, sub2_code, name) VALUES ('8439', '843', '기타 비금속제품 관련 생산기 조작원');
INSERT INTO JOBS_SUB3 (code, sub2_code, name) VALUES ('8510', '851', '금속 공작 기계 조작원');
INSERT INTO JOBS_SUB3 (code, sub2_code, name) VALUES ('8520', '852', '냉난방 관련 설비 조작원');
INSERT INTO JOBS_SUB3 (code, sub2_code, name) VALUES ('8530', '853', '자동 조립라인 및 산업용로봇 조작원');
INSERT INTO JOBS_SUB3 (code, sub2_code, name) VALUES ('8541', '854', '자동차 조립원');
INSERT INTO JOBS_SUB3 (code, sub2_code, name) VALUES ('8542', '854', '자동차 부품 조립원');
INSERT INTO JOBS_SUB3 (code, sub2_code, name) VALUES ('8543', '854', '운송장비 조립원');
INSERT INTO JOBS_SUB3 (code, sub2_code, name) VALUES ('8544', '854', '일반기계 조립원');
INSERT INTO JOBS_SUB3 (code, sub2_code, name) VALUES ('8550', '855', '금속기계 부품 조립원');
INSERT INTO JOBS_SUB3 (code, sub2_code, name) VALUES ('8610', '861', '발전 및 배전장치 조작원');
INSERT INTO JOBS_SUB3 (code, sub2_code, name) VALUES ('8620', '862', '전기 및 전자설비 조작원');
INSERT INTO JOBS_SUB3 (code, sub2_code, name) VALUES ('8631', '863', '전기 부품 및 제품 제조 기계 조작원');
INSERT INTO JOBS_SUB3 (code, sub2_code, name) VALUES ('8632', '863', '전자 부품 및 제품 제조 기계 조작원');
INSERT INTO JOBS_SUB3 (code, sub2_code, name) VALUES ('8640', '864', '전기∙전자 부품 및 제품 조립원');
INSERT INTO JOBS_SUB3 (code, sub2_code, name) VALUES ('8710', '871', '철도 및 전동차 기관사');
INSERT INTO JOBS_SUB3 (code, sub2_code, name) VALUES ('8720', '872', '철도운송 관련 종사원');
INSERT INTO JOBS_SUB3 (code, sub2_code, name) VALUES ('8731', '873', '택시 운전원');
INSERT INTO JOBS_SUB3 (code, sub2_code, name) VALUES ('8732', '873', '버스 운전원');
INSERT INTO JOBS_SUB3 (code, sub2_code, name) VALUES ('8733', '873', '화물차 및 특수차 운전원');
INSERT INTO JOBS_SUB3 (code, sub2_code, name) VALUES ('8739', '873', '기타 자동차 운전원');
INSERT INTO JOBS_SUB3 (code, sub2_code, name) VALUES ('8740', '874', '물품 이동 장비 조작원');
INSERT INTO JOBS_SUB3 (code, sub2_code, name) VALUES ('8750', '875', '건설 및 채굴기계 운전원');
INSERT INTO JOBS_SUB3 (code, sub2_code, name) VALUES ('8760', '876', '선박 승무원 및 관련 종사원');
INSERT INTO JOBS_SUB3 (code, sub2_code, name) VALUES ('8810', '881', '상하수도 처리 장치 조작원');
INSERT INTO JOBS_SUB3 (code, sub2_code, name) VALUES ('8820', '882', '재활용 처리 및 소각로 조작원');
INSERT INTO JOBS_SUB3 (code, sub2_code, name) VALUES ('8911', '891', '목재가공 관련 기계 조작원');
INSERT INTO JOBS_SUB3 (code, sub2_code, name) VALUES ('8912', '891', '가구 조립원');
INSERT INTO JOBS_SUB3 (code, sub2_code, name) VALUES ('8913', '891', '펄프 및 종이 제조 장치 조작원');
INSERT INTO JOBS_SUB3 (code, sub2_code, name) VALUES ('8914', '891', '종이제품 생산기 조작원');
INSERT INTO JOBS_SUB3 (code, sub2_code, name) VALUES ('8919', '891', '기타 목재 및 종이 관련 기계 조작원');
INSERT INTO JOBS_SUB3 (code, sub2_code, name) VALUES ('8921', '892', '인쇄기 조작원');
INSERT INTO JOBS_SUB3 (code, sub2_code, name) VALUES ('8922', '892', '사진 인화 및 현상기 조작원');
INSERT INTO JOBS_SUB3 (code, sub2_code, name) VALUES ('8990', '899', '기타 기계 조작원');
INSERT INTO JOBS_SUB3 (code, sub2_code, name) VALUES ('9100', '910', '건설 및 광업 단순 종사원');
INSERT INTO JOBS_SUB3 (code, sub2_code, name) VALUES ('9210', '921', '하역 및 적재 단순 종사원');
INSERT INTO JOBS_SUB3 (code, sub2_code, name) VALUES ('9221', '922', '우편집배원');
INSERT INTO JOBS_SUB3 (code, sub2_code, name) VALUES ('9222', '922', '택배원');
INSERT INTO JOBS_SUB3 (code, sub2_code, name) VALUES ('9223', '922', '음식 배달원');
INSERT INTO JOBS_SUB3 (code, sub2_code, name) VALUES ('9229', '922', '기타 배달원');
INSERT INTO JOBS_SUB3 (code, sub2_code, name) VALUES ('9300', '930', '제조 관련 단순 종사원');
INSERT INTO JOBS_SUB3 (code, sub2_code, name) VALUES ('9411', '941', '청소원');
INSERT INTO JOBS_SUB3 (code, sub2_code, name) VALUES ('9412', '941', '환경미화원 및 재활용품 수거원');
INSERT INTO JOBS_SUB3 (code, sub2_code, name) VALUES ('9421', '942', '건물 관리원');
INSERT INTO JOBS_SUB3 (code, sub2_code, name) VALUES ('9422', '942', '검표원');
INSERT INTO JOBS_SUB3 (code, sub2_code, name) VALUES ('9511', '951', '가사 도우미');
INSERT INTO JOBS_SUB3 (code, sub2_code, name) VALUES ('9512', '951', '육아 도우미');
INSERT INTO JOBS_SUB3 (code, sub2_code, name) VALUES ('9521', '952', '패스트푸드 준비원');
INSERT INTO JOBS_SUB3 (code, sub2_code, name) VALUES ('9522', '952', '주방 보조원');
INSERT INTO JOBS_SUB3 (code, sub2_code, name) VALUES ('9531', '953', '주유원');
INSERT INTO JOBS_SUB3 (code, sub2_code, name) VALUES ('9539', '953', '기타 판매 관련 단순 종사원');
INSERT INTO JOBS_SUB3 (code, sub2_code, name) VALUES ('9910', '991', '농림∙어업 관련 단순 종사원');
INSERT INTO JOBS_SUB3 (code, sub2_code, name) VALUES ('9921', '992', '계기 검침원 및 가스 점검원');
INSERT INTO JOBS_SUB3 (code, sub2_code, name) VALUES ('9922', '992', '자동판매기 관리원');
INSERT INTO JOBS_SUB3 (code, sub2_code, name) VALUES ('9923', '992', '주차 관리원 및 안내원');
INSERT INTO JOBS_SUB3 (code, sub2_code, name) VALUES ('9991', '999', '구두 미화원');
INSERT INTO JOBS_SUB3 (code, sub2_code, name) VALUES ('9992', '999', '세탁원 및 다림질원');
INSERT INTO JOBS_SUB3 (code, sub2_code, name) VALUES ('9999', '999', '기타 서비스 관련 단순 종사원');
INSERT INTO JOBS_SUB3 (code, sub2_code, name) VALUES ('A011', 'A01', '영관급 이상 장교');
INSERT INTO JOBS_SUB3 (code, sub2_code, name) VALUES ('A012', 'A01', '위관급 장교');
INSERT INTO JOBS_SUB3 (code, sub2_code, name) VALUES ('A020', 'A02', '부사관');
INSERT INTO JOBS_SUB3 (code, sub2_code, name) VALUES ('A090', 'A09', '기타 군인');
INSERT INTO JOBS_SUB3 (code, sub2_code, name) VALUES ('W111', 'W11', '주부');
INSERT INTO JOBS_SUB3 (code, sub2_code, name) VALUES ('X111', 'X11', '어린이집원생');
INSERT INTO JOBS_SUB3 (code, sub2_code, name) VALUES ('X112', 'X11', '유치원생');
INSERT INTO JOBS_SUB3 (code, sub2_code, name) VALUES ('X113', 'X11', '초등학생');
INSERT INTO JOBS_SUB3 (code, sub2_code, name) VALUES ('X114', 'X11', '중학생');
INSERT INTO JOBS_SUB3 (code, sub2_code, name) VALUES ('X115', 'X11', '고등학생');
INSERT INTO JOBS_SUB3 (code, sub2_code, name) VALUES ('X116', 'X11', '대학생 이상');
INSERT INTO JOBS_SUB3 (code, sub2_code, name) VALUES ('Y111', 'Y11', '무직');

-- 세세분류 코드
INSERT INTO JOBS_SUB4 (code, sub3_code, name) VALUES ('11101', '1110', '국회의원');
INSERT INTO JOBS_SUB4 (code, sub3_code, name) VALUES ('11102', '1110', '지방의회 의원 및 교육 의원');
INSERT INTO JOBS_SUB4 (code, sub3_code, name) VALUES ('11103', '1110', '중앙정부 고위 공무원');
INSERT INTO JOBS_SUB4 (code, sub3_code, name) VALUES ('11104', '1110', '지방정부 고위 공무원');
INSERT INTO JOBS_SUB4 (code, sub3_code, name) VALUES ('11105', '1110', '공공 기관 임원');
INSERT INTO JOBS_SUB4 (code, sub3_code, name) VALUES ('11106', '1110', '정당 및 특수 단체 임원');
INSERT INTO JOBS_SUB4 (code, sub3_code, name) VALUES ('11201', '1120', '기업 대표이사');
INSERT INTO JOBS_SUB4 (code, sub3_code, name) VALUES ('11202', '1120', '기업 고위 임원');
INSERT INTO JOBS_SUB4 (code, sub3_code, name) VALUES ('12110', '1211', '정부행정 관리자');
INSERT INTO JOBS_SUB4 (code, sub3_code, name) VALUES ('12121', '1212', '총무 및 인사 관리자');
INSERT INTO JOBS_SUB4 (code, sub3_code, name) VALUES ('12122', '1212', '기획 관리자');
INSERT INTO JOBS_SUB4 (code, sub3_code, name) VALUES ('12123', '1212', '재무 관리자');
INSERT INTO JOBS_SUB4 (code, sub3_code, name) VALUES ('12124', '1212', '자재 및 구매 관리자');
INSERT INTO JOBS_SUB4 (code, sub3_code, name) VALUES ('12129', '1212', '그 외 경영 지원 관리자');
INSERT INTO JOBS_SUB4 (code, sub3_code, name) VALUES ('12201', '1220', '마케팅 관리자');
INSERT INTO JOBS_SUB4 (code, sub3_code, name) VALUES ('12202', '1220', '광고 및 홍보 관리자');
INSERT INTO JOBS_SUB4 (code, sub3_code, name) VALUES ('12209', '1220', '그 외 마케팅 및 광고∙홍보 관리자');
INSERT INTO JOBS_SUB4 (code, sub3_code, name) VALUES ('13111', '1311', '인문과학 연구 관리자');
INSERT INTO JOBS_SUB4 (code, sub3_code, name) VALUES ('13112', '1311', '사회과학 연구 관리자');
INSERT INTO JOBS_SUB4 (code, sub3_code, name) VALUES ('13113', '1311', '생명 및 자연과학 연구 관리자');
INSERT INTO JOBS_SUB4 (code, sub3_code, name) VALUES ('13114', '1311', '공학 연구 관리자');
INSERT INTO JOBS_SUB4 (code, sub3_code, name) VALUES ('13119', '1311', '그 외 연구 관리자');
INSERT INTO JOBS_SUB4 (code, sub3_code, name) VALUES ('13121', '1312', '대학교 총장 및 대학 학장');
INSERT INTO JOBS_SUB4 (code, sub3_code, name) VALUES ('13122', '1312', '중∙고등학교 교장 및 교감');
INSERT INTO JOBS_SUB4 (code, sub3_code, name) VALUES ('13123', '1312', '초등학교 교장 및 교감');
INSERT INTO JOBS_SUB4 (code, sub3_code, name) VALUES ('13124', '1312', '유치원 원장');
INSERT INTO JOBS_SUB4 (code, sub3_code, name) VALUES ('13129', '1312', '그 외 교육 관련 관리자');
INSERT INTO JOBS_SUB4 (code, sub3_code, name) VALUES ('13131', '1313', '법률 관리자');
INSERT INTO JOBS_SUB4 (code, sub3_code, name) VALUES ('13132', '1313', '경찰 관리자');
INSERT INTO JOBS_SUB4 (code, sub3_code, name) VALUES ('13133', '1313', '소방 관리자');
INSERT INTO JOBS_SUB4 (code, sub3_code, name) VALUES ('13134', '1313', '교도 관리자');
INSERT INTO JOBS_SUB4 (code, sub3_code, name) VALUES ('13201', '1320', '보험 관리자');
INSERT INTO JOBS_SUB4 (code, sub3_code, name) VALUES ('13202', '1320', '금융 관리자');
INSERT INTO JOBS_SUB4 (code, sub3_code, name) VALUES ('13310', '1331', '보건 의료 관련 관리자');
INSERT INTO JOBS_SUB4 (code, sub3_code, name) VALUES ('13320', '1332', '사회복지 관련 관리자');
INSERT INTO JOBS_SUB4 (code, sub3_code, name) VALUES ('13401', '1340', '공연∙전시 예술 관련 관리자');
INSERT INTO JOBS_SUB4 (code, sub3_code, name) VALUES ('13402', '1340', '디자인 관련 관리자');
INSERT INTO JOBS_SUB4 (code, sub3_code, name) VALUES ('13403', '1340', '방송∙출판 및 영상 관련 관리자');
INSERT INTO JOBS_SUB4 (code, sub3_code, name) VALUES ('13501', '1350', '컴퓨터 하드웨어 개발 관리자');
INSERT INTO JOBS_SUB4 (code, sub3_code, name) VALUES ('13502', '1350', '컴퓨터 소프트웨어 개발 관리자');
INSERT INTO JOBS_SUB4 (code, sub3_code, name) VALUES ('13503', '1350', '컴퓨터 운영 관리자');
INSERT INTO JOBS_SUB4 (code, sub3_code, name) VALUES ('13504', '1350', '통신 관리자');
INSERT INTO JOBS_SUB4 (code, sub3_code, name) VALUES ('13509', '1350', '그 외 정보 통신 관련 관리자');
INSERT INTO JOBS_SUB4 (code, sub3_code, name) VALUES ('13901', '1390', '시장 및 여론 조사 관리자');
INSERT INTO JOBS_SUB4 (code, sub3_code, name) VALUES ('13902', '1390', '부동산 및 임대업 관리자');
INSERT INTO JOBS_SUB4 (code, sub3_code, name) VALUES ('13903', '1390', '공동주택 관리자');
INSERT INTO JOBS_SUB4 (code, sub3_code, name) VALUES ('13904', '1390', '인력 공급 및 알선 서비스 관리자');
INSERT INTO JOBS_SUB4 (code, sub3_code, name) VALUES ('13909', '1390', '그 외 전문 서비스 관리자');
INSERT INTO JOBS_SUB4 (code, sub3_code, name) VALUES ('14111', '1411', '건축 관련 관리자');
INSERT INTO JOBS_SUB4 (code, sub3_code, name) VALUES ('14112', '1411', '토목 관련 관리자');
INSERT INTO JOBS_SUB4 (code, sub3_code, name) VALUES ('14113', '1411', '조경 관련 관리자');
INSERT INTO JOBS_SUB4 (code, sub3_code, name) VALUES ('14114', '1411', '광업 관련 관리자');
INSERT INTO JOBS_SUB4 (code, sub3_code, name) VALUES ('14121', '1412', '전기 관련 관리자');
INSERT INTO JOBS_SUB4 (code, sub3_code, name) VALUES ('14122', '1412', '가스 관련 관리자');
INSERT INTO JOBS_SUB4 (code, sub3_code, name) VALUES ('14123', '1412', '수도 관련 관리자');
INSERT INTO JOBS_SUB4 (code, sub3_code, name) VALUES ('14124', '1412', '증기 및 온수 관련 관리자');
INSERT INTO JOBS_SUB4 (code, sub3_code, name) VALUES ('14131', '1413', '식품 생산 관리자');
INSERT INTO JOBS_SUB4 (code, sub3_code, name) VALUES ('14132', '1413', '섬유 및 의복 제품 생산 관리자');
INSERT INTO JOBS_SUB4 (code, sub3_code, name) VALUES ('14133', '1413', '화학제품 생산 관리자');
INSERT INTO JOBS_SUB4 (code, sub3_code, name) VALUES ('14134', '1413', '금속제품 생산 관리자');
INSERT INTO JOBS_SUB4 (code, sub3_code, name) VALUES ('14135', '1413', '기계제품 생산 관리자');
INSERT INTO JOBS_SUB4 (code, sub3_code, name) VALUES ('14136', '1413', '전기 및 전자 제품 생산 관리자');
INSERT INTO JOBS_SUB4 (code, sub3_code, name) VALUES ('14139', '1413', '그 외 제품 생산 관련 관리자');
INSERT INTO JOBS_SUB4 (code, sub3_code, name) VALUES ('14901', '1490', '농림∙어업 관련 관리자');
INSERT INTO JOBS_SUB4 (code, sub3_code, name) VALUES ('14902', '1490', '수리 및 정비 관련 관리자');
INSERT INTO JOBS_SUB4 (code, sub3_code, name) VALUES ('14909', '1490', '그 외 건설∙전기 및 생산 관련 관리자');
INSERT INTO JOBS_SUB4 (code, sub3_code, name) VALUES ('15111', '1511', '영업 관련 관리자');
INSERT INTO JOBS_SUB4 (code, sub3_code, name) VALUES ('15112', '1511', '판매 관련 관리자');
INSERT INTO JOBS_SUB4 (code, sub3_code, name) VALUES ('15113', '1511', '무역 관련 관리자');
INSERT INTO JOBS_SUB4 (code, sub3_code, name) VALUES ('15121', '1512', '육상운송 관련 관리자');
INSERT INTO JOBS_SUB4 (code, sub3_code, name) VALUES ('15122', '1512', '해상운송 관련 관리자');
INSERT INTO JOBS_SUB4 (code, sub3_code, name) VALUES ('15123', '1512', '항공운송 관련 관리자');
INSERT INTO JOBS_SUB4 (code, sub3_code, name) VALUES ('15211', '1521', '숙박 관련 관리자');
INSERT INTO JOBS_SUB4 (code, sub3_code, name) VALUES ('15212', '1521', '여행 관련 관리자');
INSERT INTO JOBS_SUB4 (code, sub3_code, name) VALUES ('15213', '1521', '오락 및 스포츠 관련 관리자');
INSERT INTO JOBS_SUB4 (code, sub3_code, name) VALUES ('15219', '1521', '그 외 숙박∙여행∙오락 및 스포츠 관련 관리자');
INSERT INTO JOBS_SUB4 (code, sub3_code, name) VALUES ('15220', '1522', '음식 서비스 관련 관리자');
INSERT INTO JOBS_SUB4 (code, sub3_code, name) VALUES ('15301', '1530', '환경 관련 관리자');
INSERT INTO JOBS_SUB4 (code, sub3_code, name) VALUES ('15302', '1530', '청소 관련 관리자');
INSERT INTO JOBS_SUB4 (code, sub3_code, name) VALUES ('15303', '1530', '경비 관련 관리자');
INSERT INTO JOBS_SUB4 (code, sub3_code, name) VALUES ('15901', '1590', '회원 단체 관련 관리자');
INSERT INTO JOBS_SUB4 (code, sub3_code, name) VALUES ('15909', '1590', '그 외 판매 및 고객 서비스 관리자');
INSERT INTO JOBS_SUB4 (code, sub3_code, name) VALUES ('21111', '2111', '생물학 연구원');
INSERT INTO JOBS_SUB4 (code, sub3_code, name) VALUES ('21112', '2111', '의학 연구원');
INSERT INTO JOBS_SUB4 (code, sub3_code, name) VALUES ('21113', '2111', '약학 연구원');
INSERT INTO JOBS_SUB4 (code, sub3_code, name) VALUES ('21114', '2111', '농학 연구원');
INSERT INTO JOBS_SUB4 (code, sub3_code, name) VALUES ('21115', '2111', '임학 연구원');
INSERT INTO JOBS_SUB4 (code, sub3_code, name) VALUES ('21116', '2111', '수산학 연구원');
INSERT INTO JOBS_SUB4 (code, sub3_code, name) VALUES ('21117', '2111', '식품학 연구원');
INSERT INTO JOBS_SUB4 (code, sub3_code, name) VALUES ('21118', '2111', '축산 및 수의학 연구원');
INSERT INTO JOBS_SUB4 (code, sub3_code, name) VALUES ('21119', '2111', '그 외 생명과학 연구원');
INSERT INTO JOBS_SUB4 (code, sub3_code, name) VALUES ('21121', '2112', '물리학 연구원');
INSERT INTO JOBS_SUB4 (code, sub3_code, name) VALUES ('21122', '2112', '화학 연구원');
INSERT INTO JOBS_SUB4 (code, sub3_code, name) VALUES ('21123', '2112', '수학 및 통계학 연구원');
INSERT INTO JOBS_SUB4 (code, sub3_code, name) VALUES ('21124', '2112', '지구 및 기상 과학 연구원');
INSERT INTO JOBS_SUB4 (code, sub3_code, name) VALUES ('21125', '2112', '천문 및 우주 과학 연구원');
INSERT INTO JOBS_SUB4 (code, sub3_code, name) VALUES ('21129', '2112', '그 외 자연과학 연구원');
INSERT INTO JOBS_SUB4 (code, sub3_code, name) VALUES ('21211', '2121', '철학 연구원');
INSERT INTO JOBS_SUB4 (code, sub3_code, name) VALUES ('21212', '2121', '역사학 연구원');
INSERT INTO JOBS_SUB4 (code, sub3_code, name) VALUES ('21213', '2121', '언어학 및 문학 연구원');
INSERT INTO JOBS_SUB4 (code, sub3_code, name) VALUES ('21214', '2121', '인류학 연구원');
INSERT INTO JOBS_SUB4 (code, sub3_code, name) VALUES ('21215', '2121', '교육학 연구원');
INSERT INTO JOBS_SUB4 (code, sub3_code, name) VALUES ('21216', '2121', '심리학 연구원');
INSERT INTO JOBS_SUB4 (code, sub3_code, name) VALUES ('21219', '2121', '그 외 인문과학 연구원');
INSERT INTO JOBS_SUB4 (code, sub3_code, name) VALUES ('21221', '2122', '정치학 연구원');
INSERT INTO JOBS_SUB4 (code, sub3_code, name) VALUES ('21222', '2122', '경제학 연구원');
INSERT INTO JOBS_SUB4 (code, sub3_code, name) VALUES ('21223', '2122', '경영학 연구원');
INSERT INTO JOBS_SUB4 (code, sub3_code, name) VALUES ('21224', '2122', '사회학 연구원');
INSERT INTO JOBS_SUB4 (code, sub3_code, name) VALUES ('21225', '2122', '사회복지학 연구원');
INSERT INTO JOBS_SUB4 (code, sub3_code, name) VALUES ('21226', '2122', '언론학 연구원');
INSERT INTO JOBS_SUB4 (code, sub3_code, name) VALUES ('21229', '2122', '그 외 사회과학 연구원');
INSERT INTO JOBS_SUB4 (code, sub3_code, name) VALUES ('21311', '2131', '생물학 시험원');
INSERT INTO JOBS_SUB4 (code, sub3_code, name) VALUES ('21312', '2131', '의료과학 시험원');
INSERT INTO JOBS_SUB4 (code, sub3_code, name) VALUES ('21319', '2131', '그 외 생명과학 시험원');
INSERT INTO JOBS_SUB4 (code, sub3_code, name) VALUES ('21321', '2132', '농업 시험원');
INSERT INTO JOBS_SUB4 (code, sub3_code, name) VALUES ('21322', '2132', '임업 시험원');
INSERT INTO JOBS_SUB4 (code, sub3_code, name) VALUES ('21323', '2132', '어업 시험원');
INSERT INTO JOBS_SUB4 (code, sub3_code, name) VALUES ('21331', '2133', '물리학 시험원');
INSERT INTO JOBS_SUB4 (code, sub3_code, name) VALUES ('21332', '2133', '화학 시험원');
INSERT INTO JOBS_SUB4 (code, sub3_code, name) VALUES ('21333', '2133', '지구 및 기상 과학 시험원');
INSERT INTO JOBS_SUB4 (code, sub3_code, name) VALUES ('21334', '2133', '천문 및 우주 과학 시험원');
INSERT INTO JOBS_SUB4 (code, sub3_code, name) VALUES ('21339', '2133', '그 외 자연과학 시험원');
INSERT INTO JOBS_SUB4 (code, sub3_code, name) VALUES ('22110', '2211', '컴퓨터 하드웨어 기술자 및 연구원');
INSERT INTO JOBS_SUB4 (code, sub3_code, name) VALUES ('22121', '2212', '통신기기 기술자 및 연구원');
INSERT INTO JOBS_SUB4 (code, sub3_code, name) VALUES ('22122', '2212', '통신장비 기술자 및 연구원');
INSERT INTO JOBS_SUB4 (code, sub3_code, name) VALUES ('22123', '2212', '통신기술 기술자 및 연구원');
INSERT INTO JOBS_SUB4 (code, sub3_code, name) VALUES ('22124', '2212', '통신망 운영 기술자 및 연구원');
INSERT INTO JOBS_SUB4 (code, sub3_code, name) VALUES ('22129', '2212', '그 외 통신공학 기술자 및 연구원');
INSERT INTO JOBS_SUB4 (code, sub3_code, name) VALUES ('22211', '2221', '정보 통신 컨설턴트');
INSERT INTO JOBS_SUB4 (code, sub3_code, name) VALUES ('22212', '2221', '컴퓨터 시스템 감리 전문가');
INSERT INTO JOBS_SUB4 (code, sub3_code, name) VALUES ('22213', '2221', '컴퓨터 시스템 설계 및 분석가');
INSERT INTO JOBS_SUB4 (code, sub3_code, name) VALUES ('22221', '2222', '시스템 소프트웨어 설계 및 분석가');
INSERT INTO JOBS_SUB4 (code, sub3_code, name) VALUES ('22222', '2222', '시스템 소프트웨어 프로그래머');
INSERT INTO JOBS_SUB4 (code, sub3_code, name) VALUES ('22231', '2223', '범용 소프트웨어 프로그래머');
INSERT INTO JOBS_SUB4 (code, sub3_code, name) VALUES ('22232', '2223', '산업 특화 소프트웨어 프로그래머');
INSERT INTO JOBS_SUB4 (code, sub3_code, name) VALUES ('22233', '2223', '모바일 애플리케이션 프로그래머');
INSERT INTO JOBS_SUB4 (code, sub3_code, name) VALUES ('22234', '2223', '게임 프로그래머');
INSERT INTO JOBS_SUB4 (code, sub3_code, name) VALUES ('22235', '2223', '네트워크 프로그래머');
INSERT INTO JOBS_SUB4 (code, sub3_code, name) VALUES ('22239', '2223', '그 외 응용 소프트웨어 프로그래머');
INSERT INTO JOBS_SUB4 (code, sub3_code, name) VALUES ('22241', '2224', '웹 프로그래머');
INSERT INTO JOBS_SUB4 (code, sub3_code, name) VALUES ('22242', '2224', '웹 기획자');
INSERT INTO JOBS_SUB4 (code, sub3_code, name) VALUES ('22290', '2229', '그 외 컴퓨터 시스템 및 소프트웨어 전문가');
INSERT INTO JOBS_SUB4 (code, sub3_code, name) VALUES ('22311', '2231', '데이터 설계 및 프로그래머');
INSERT INTO JOBS_SUB4 (code, sub3_code, name) VALUES ('22312', '2231', '데이터 분석가');
INSERT INTO JOBS_SUB4 (code, sub3_code, name) VALUES ('22313', '2231', '데이터 관리 및 운영자');
INSERT INTO JOBS_SUB4 (code, sub3_code, name) VALUES ('22320', '2232', '네트워크 시스템 개발자');
INSERT INTO JOBS_SUB4 (code, sub3_code, name) VALUES ('22330', '2233', '정보 보안 전문가');
INSERT INTO JOBS_SUB4 (code, sub3_code, name) VALUES ('22390', '2239', '그 외 데이터 및 네트워크 관련 전문가');
INSERT INTO JOBS_SUB4 (code, sub3_code, name) VALUES ('22410', '2241', '정보 시스템 운영자');
INSERT INTO JOBS_SUB4 (code, sub3_code, name) VALUES ('22420', '2242', '웹 운영자');
INSERT INTO JOBS_SUB4 (code, sub3_code, name) VALUES ('22501', '2250', '통신장비 기사');
INSERT INTO JOBS_SUB4 (code, sub3_code, name) VALUES ('22502', '2250', '방송 송출 장비 기사');
INSERT INTO JOBS_SUB4 (code, sub3_code, name) VALUES ('23110', '2311', '건축가');
INSERT INTO JOBS_SUB4 (code, sub3_code, name) VALUES ('23121', '2312', '건축구조 기술자');
INSERT INTO JOBS_SUB4 (code, sub3_code, name) VALUES ('23122', '2312', '건축감리 기술자');
INSERT INTO JOBS_SUB4 (code, sub3_code, name) VALUES ('23123', '2312', '건축시공 기술자');
INSERT INTO JOBS_SUB4 (code, sub3_code, name) VALUES ('23124', '2312', '건축설비 기술자');
INSERT INTO JOBS_SUB4 (code, sub3_code, name) VALUES ('23125', '2312', '건축안전 기술자');
INSERT INTO JOBS_SUB4 (code, sub3_code, name) VALUES ('23126', '2312', '건축에너지 관리 및 평가 기술자');
INSERT INTO JOBS_SUB4 (code, sub3_code, name) VALUES ('23129', '2312', '그 외 건축 관련 기술자');
INSERT INTO JOBS_SUB4 (code, sub3_code, name) VALUES ('23131', '2313', '토목구조 설계 기술자');
INSERT INTO JOBS_SUB4 (code, sub3_code, name) VALUES ('23132', '2313', '토목감리 기술자');
INSERT INTO JOBS_SUB4 (code, sub3_code, name) VALUES ('23133', '2313', '토목시공 기술자');
INSERT INTO JOBS_SUB4 (code, sub3_code, name) VALUES ('23134', '2313', '토목안전 기술자');
INSERT INTO JOBS_SUB4 (code, sub3_code, name) VALUES ('23139', '2313', '그 외 토목 관련 기술자');
INSERT INTO JOBS_SUB4 (code, sub3_code, name) VALUES ('23141', '2314', '조경 계획 및 설계 기술자');
INSERT INTO JOBS_SUB4 (code, sub3_code, name) VALUES ('23142', '2314', '조경감리 기술자');
INSERT INTO JOBS_SUB4 (code, sub3_code, name) VALUES ('23149', '2314', '그 외 조경 관련 기술자');
INSERT INTO JOBS_SUB4 (code, sub3_code, name) VALUES ('23151', '2315', '도시 계획 및 설계가');
INSERT INTO JOBS_SUB4 (code, sub3_code, name) VALUES ('23152', '2315', '교통 계획 및 설계가');
INSERT INTO JOBS_SUB4 (code, sub3_code, name) VALUES ('23153', '2315', '교통안전 연구원');
INSERT INTO JOBS_SUB4 (code, sub3_code, name) VALUES ('23154', '2315', '교통영향 평가원');
INSERT INTO JOBS_SUB4 (code, sub3_code, name) VALUES ('23159', '2315', '그 외 도시 및 교통 관련 전문가');
INSERT INTO JOBS_SUB4 (code, sub3_code, name) VALUES ('23161', '2316', '측량 및 지리 정보 기술자');
INSERT INTO JOBS_SUB4 (code, sub3_code, name) VALUES ('23162', '2316', '사진측량 및 분석가');
INSERT INTO JOBS_SUB4 (code, sub3_code, name) VALUES ('23163', '2316', '지도 제작 기술자');
INSERT INTO JOBS_SUB4 (code, sub3_code, name) VALUES ('23164', '2316', '지리 정보 시스템 전문가');
INSERT INTO JOBS_SUB4 (code, sub3_code, name) VALUES ('23170', '2317', '건설자재 시험원');
INSERT INTO JOBS_SUB4 (code, sub3_code, name) VALUES ('23211', '2321', '석유화학 기술자 및 연구원');
INSERT INTO JOBS_SUB4 (code, sub3_code, name) VALUES ('23212', '2321', '고무∙플라스틱 기술자 및 연구원');
INSERT INTO JOBS_SUB4 (code, sub3_code, name) VALUES ('23213', '2321', '농약∙비료 기술자 및 연구원');
INSERT INTO JOBS_SUB4 (code, sub3_code, name) VALUES ('23214', '2321', '도료제품 기술자 및 연구원');
INSERT INTO JOBS_SUB4 (code, sub3_code, name) VALUES ('23215', '2321', '화장품∙비누제품 기술자 및 연구원');
INSERT INTO JOBS_SUB4 (code, sub3_code, name) VALUES ('23219', '2321', '그 외 화학공학 기술자 및 연구원');
INSERT INTO JOBS_SUB4 (code, sub3_code, name) VALUES ('23221', '2322', '석유화학 시험원');
INSERT INTO JOBS_SUB4 (code, sub3_code, name) VALUES ('23222', '2322', '고무 및 플라스틱 시험원');
INSERT INTO JOBS_SUB4 (code, sub3_code, name) VALUES ('23223', '2322', '농약 및 비료 시험원');
INSERT INTO JOBS_SUB4 (code, sub3_code, name) VALUES ('23224', '2322', '도료제품 시험원');
INSERT INTO JOBS_SUB4 (code, sub3_code, name) VALUES ('23225', '2322', '화장품 및 비누제품 시험원');
INSERT INTO JOBS_SUB4 (code, sub3_code, name) VALUES ('23229', '2322', '그 외 화학공학 시험원');
INSERT INTO JOBS_SUB4 (code, sub3_code, name) VALUES ('23311', '2331', '금속공학 기술자 및 연구원');
INSERT INTO JOBS_SUB4 (code, sub3_code, name) VALUES ('23312', '2331', '요업∙세라믹공학 기술자 및 연구원');
INSERT INTO JOBS_SUB4 (code, sub3_code, name) VALUES ('23313', '2331', '시멘트공학 기술자 및 연구원');
INSERT INTO JOBS_SUB4 (code, sub3_code, name) VALUES ('23319', '2331', '그 외 금속∙재료 공학 기술자 및 연구원');
INSERT INTO JOBS_SUB4 (code, sub3_code, name) VALUES ('23321', '2332', '금속공학 시험원');
INSERT INTO JOBS_SUB4 (code, sub3_code, name) VALUES ('23322', '2332', '요업 및 세라믹 공학 시험원');
INSERT INTO JOBS_SUB4 (code, sub3_code, name) VALUES ('23323', '2332', '시멘트공학 시험원');
INSERT INTO JOBS_SUB4 (code, sub3_code, name) VALUES ('23329', '2332', '그 외 금속 및 재료 공학 시험원');
INSERT INTO JOBS_SUB4 (code, sub3_code, name) VALUES ('23411', '2341', '전기제품 개발 기술자 및 연구원');
INSERT INTO JOBS_SUB4 (code, sub3_code, name) VALUES ('23412', '2341', '발전설비 기술자 및 연구원');
INSERT INTO JOBS_SUB4 (code, sub3_code, name) VALUES ('23413', '2341', '송배전설비 기술자 및 연구원');
INSERT INTO JOBS_SUB4 (code, sub3_code, name) VALUES ('23414', '2341', '전기계측 제어 기술자 및 연구원');
INSERT INTO JOBS_SUB4 (code, sub3_code, name) VALUES ('23415', '2341', '전기 감리 기술자 및 연구원');
INSERT INTO JOBS_SUB4 (code, sub3_code, name) VALUES ('23416', '2341', '전기 안전 기술자 및 연구원');
INSERT INTO JOBS_SUB4 (code, sub3_code, name) VALUES ('23419', '2341', '그 외 전기공학 기술자 및 연구원');
INSERT INTO JOBS_SUB4 (code, sub3_code, name) VALUES ('23421', '2342', '전자제품 개발 기술자 및 연구원');
INSERT INTO JOBS_SUB4 (code, sub3_code, name) VALUES ('23422', '2342', '반도체공학 기술자 및 연구원');
INSERT INTO JOBS_SUB4 (code, sub3_code, name) VALUES ('23423', '2342', '전자계측 제어 기술자 및 연구원');
INSERT INTO JOBS_SUB4 (code, sub3_code, name) VALUES ('23424', '2342', '전자 의료기기 개발 기술자 및 연구원');
INSERT INTO JOBS_SUB4 (code, sub3_code, name) VALUES ('23429', '2342', '그 외 전자공학 기술자 및 연구원');
INSERT INTO JOBS_SUB4 (code, sub3_code, name) VALUES ('23431', '2343', '전기공학 시험원');
INSERT INTO JOBS_SUB4 (code, sub3_code, name) VALUES ('23432', '2343', '전자공학 시험원');
INSERT INTO JOBS_SUB4 (code, sub3_code, name) VALUES ('23511', '2351', '금형공학 기술자 및 연구원');
INSERT INTO JOBS_SUB4 (code, sub3_code, name) VALUES ('23512', '2351', '플랜트공학 기술자 및 연구원');
INSERT INTO JOBS_SUB4 (code, sub3_code, name) VALUES ('23513', '2351', '냉난방∙공조공학 기술자 및 연구원');
INSERT INTO JOBS_SUB4 (code, sub3_code, name) VALUES ('23514', '2351', '건설기계공학 기술자 및 연구원');
INSERT INTO JOBS_SUB4 (code, sub3_code, name) VALUES ('23515', '2351', '산업기계공학 기술자 및 연구원');
INSERT INTO JOBS_SUB4 (code, sub3_code, name) VALUES ('23516', '2351', '자동차공학 기술자 및 연구원');
INSERT INTO JOBS_SUB4 (code, sub3_code, name) VALUES ('23517', '2351', '조선공학 기술자 및 연구원');
INSERT INTO JOBS_SUB4 (code, sub3_code, name) VALUES ('23518', '2351', '항공기∙철도 차량 공학 기술자 및 연구원');
INSERT INTO JOBS_SUB4 (code, sub3_code, name) VALUES ('23519', '2351', '그 외 기계공학 기술자 및 연구원');
INSERT INTO JOBS_SUB4 (code, sub3_code, name) VALUES ('23520', '2352', '로봇공학 기술자 및 연구원');
INSERT INTO JOBS_SUB4 (code, sub3_code, name) VALUES ('23531', '2353', '기계공학 시험원');
INSERT INTO JOBS_SUB4 (code, sub3_code, name) VALUES ('23532', '2353', '로봇공학 시험원');
INSERT INTO JOBS_SUB4 (code, sub3_code, name) VALUES ('23610', '2361', '방재 기술자 및 연구원');
INSERT INTO JOBS_SUB4 (code, sub3_code, name) VALUES ('23621', '2362', '소방설계 기술자 및 연구원');
INSERT INTO JOBS_SUB4 (code, sub3_code, name) VALUES ('23622', '2362', '소방시설 공사 기술자 및 연구원');
INSERT INTO JOBS_SUB4 (code, sub3_code, name) VALUES ('23623', '2362', '소방 공사 감리 기술자 및 연구원');
INSERT INTO JOBS_SUB4 (code, sub3_code, name) VALUES ('23629', '2362', '그 외 소방공학 기술자 및 연구원');
INSERT INTO JOBS_SUB4 (code, sub3_code, name) VALUES ('23630', '2363', '소방공학 시험원');
INSERT INTO JOBS_SUB4 (code, sub3_code, name) VALUES ('23641', '2364', '산업 안전원');
INSERT INTO JOBS_SUB4 (code, sub3_code, name) VALUES ('23642', '2364', '위험 관리원');
INSERT INTO JOBS_SUB4 (code, sub3_code, name) VALUES ('23649', '2364', '그 외 산업 안전 및 위험 관리원');
INSERT INTO JOBS_SUB4 (code, sub3_code, name) VALUES ('23651', '2365', '보건 위생 검사원');
INSERT INTO JOBS_SUB4 (code, sub3_code, name) VALUES ('23652', '2365', '환경 검사원');
INSERT INTO JOBS_SUB4 (code, sub3_code, name) VALUES ('23660', '2366', '비파괴 검사원');
INSERT INTO JOBS_SUB4 (code, sub3_code, name) VALUES ('23711', '2371', '대기 환경 기술자 및 연구원');
INSERT INTO JOBS_SUB4 (code, sub3_code, name) VALUES ('23712', '2371', '수질 환경 기술자 및 연구원');
INSERT INTO JOBS_SUB4 (code, sub3_code, name) VALUES ('23713', '2371', '토양 환경 기술자 및 연구원');
INSERT INTO JOBS_SUB4 (code, sub3_code, name) VALUES ('23714', '2371', '소음 진동 기술자 및 연구원');
INSERT INTO JOBS_SUB4 (code, sub3_code, name) VALUES ('23715', '2371', '폐기물 처리 기술자 및 연구원');
INSERT INTO JOBS_SUB4 (code, sub3_code, name) VALUES ('23716', '2371', '환경 영향 평가원');
INSERT INTO JOBS_SUB4 (code, sub3_code, name) VALUES ('23719', '2371', '그 외 환경공학 기술자 및 연구원');
INSERT INTO JOBS_SUB4 (code, sub3_code, name) VALUES ('23720', '2372', '가스∙에너지 기술자 및 연구원');
INSERT INTO JOBS_SUB4 (code, sub3_code, name) VALUES ('23731', '2373', '대기 환경 시험원');
INSERT INTO JOBS_SUB4 (code, sub3_code, name) VALUES ('23732', '2373', '수질 환경 시험원');
INSERT INTO JOBS_SUB4 (code, sub3_code, name) VALUES ('23733', '2373', '토양 환경 시험원');
INSERT INTO JOBS_SUB4 (code, sub3_code, name) VALUES ('23734', '2373', '소음 진동 시험원');
INSERT INTO JOBS_SUB4 (code, sub3_code, name) VALUES ('23735', '2373', '폐기물 처리 시험원');
INSERT INTO JOBS_SUB4 (code, sub3_code, name) VALUES ('23736', '2373', '환경 영향 시험원');
INSERT INTO JOBS_SUB4 (code, sub3_code, name) VALUES ('23739', '2373', '그 외 환경공학 관련 시험원');
INSERT INTO JOBS_SUB4 (code, sub3_code, name) VALUES ('23740', '2374', '가스 및 에너지 시험원');
INSERT INTO JOBS_SUB4 (code, sub3_code, name) VALUES ('23811', '2381', '비행기 조종사');
INSERT INTO JOBS_SUB4 (code, sub3_code, name) VALUES ('23812', '2381', '헬리콥터 조종사');
INSERT INTO JOBS_SUB4 (code, sub3_code, name) VALUES ('23821', '2382', '선장');
INSERT INTO JOBS_SUB4 (code, sub3_code, name) VALUES ('23822', '2382', '항해사');
INSERT INTO JOBS_SUB4 (code, sub3_code, name) VALUES ('23823', '2382', '선박 기관사');
INSERT INTO JOBS_SUB4 (code, sub3_code, name) VALUES ('23824', '2382', '도선사');
INSERT INTO JOBS_SUB4 (code, sub3_code, name) VALUES ('23831', '2383', '항공교통 관제사');
INSERT INTO JOBS_SUB4 (code, sub3_code, name) VALUES ('23832', '2383', '선박교통 관제사');
INSERT INTO JOBS_SUB4 (code, sub3_code, name) VALUES ('23833', '2383', '철도교통 관제사');
INSERT INTO JOBS_SUB4 (code, sub3_code, name) VALUES ('23910', '2391', '식품공학 기술자 및 연구원');
INSERT INTO JOBS_SUB4 (code, sub3_code, name) VALUES ('23921', '2392', '섬유 소재 개발 기술자 및 연구원');
INSERT INTO JOBS_SUB4 (code, sub3_code, name) VALUES ('23922', '2392', '섬유 공정 개발 기술자 및 연구원');
INSERT INTO JOBS_SUB4 (code, sub3_code, name) VALUES ('23923', '2392', '염색 개발 공학 기술자 및 연구원');
INSERT INTO JOBS_SUB4 (code, sub3_code, name) VALUES ('23930', '2393', '식품공학 시험원');
INSERT INTO JOBS_SUB4 (code, sub3_code, name) VALUES ('23940', '2394', '섬유공학 시험원');
INSERT INTO JOBS_SUB4 (code, sub3_code, name) VALUES ('23951', '2395', '건축 제도사');
INSERT INTO JOBS_SUB4 (code, sub3_code, name) VALUES ('23952', '2395', '토목 제도사');
INSERT INTO JOBS_SUB4 (code, sub3_code, name) VALUES ('23953', '2395', '기계 제도사');
INSERT INTO JOBS_SUB4 (code, sub3_code, name) VALUES ('23954', '2395', '전기 및 전자 장비 제도사');
INSERT INTO JOBS_SUB4 (code, sub3_code, name) VALUES ('23959', '2395', '그 외 제도사');
INSERT INTO JOBS_SUB4 (code, sub3_code, name) VALUES ('23990', '2399', '그 외 공학 관련 기술자 및 시험원');
INSERT INTO JOBS_SUB4 (code, sub3_code, name) VALUES ('24111', '2411', '내과 전문 의사');
INSERT INTO JOBS_SUB4 (code, sub3_code, name) VALUES ('24112', '2411', '외과 전문 의사');
INSERT INTO JOBS_SUB4 (code, sub3_code, name) VALUES ('24113', '2411', '소아청소년과 전문 의사');
INSERT INTO JOBS_SUB4 (code, sub3_code, name) VALUES ('24114', '2411', '산부인과 전문 의사');
INSERT INTO JOBS_SUB4 (code, sub3_code, name) VALUES ('24115', '2411', '정신건강의학과 및 신경과 전문 의사');
INSERT INTO JOBS_SUB4 (code, sub3_code, name) VALUES ('24116', '2411', '안과 및 이비인후과 전문 의사');
INSERT INTO JOBS_SUB4 (code, sub3_code, name) VALUES ('24117', '2411', '피부과 및 비뇨기과 전문 의사');
INSERT INTO JOBS_SUB4 (code, sub3_code, name) VALUES ('24118', '2411', '영상의학과 및 병리과 전문 의사');
INSERT INTO JOBS_SUB4 (code, sub3_code, name) VALUES ('24119', '2411', '그 외 전문 의사');
INSERT INTO JOBS_SUB4 (code, sub3_code, name) VALUES ('24120', '2412', '일반 의사');
INSERT INTO JOBS_SUB4 (code, sub3_code, name) VALUES ('24131', '2413', '전문 한의사');
INSERT INTO JOBS_SUB4 (code, sub3_code, name) VALUES ('24132', '2413', '일반 한의사');
INSERT INTO JOBS_SUB4 (code, sub3_code, name) VALUES ('24141', '2414', '치과 전문 의사');
INSERT INTO JOBS_SUB4 (code, sub3_code, name) VALUES ('24142', '2414', '치과 일반 의사');
INSERT INTO JOBS_SUB4 (code, sub3_code, name) VALUES ('24150', '2415', '수의사');
INSERT INTO JOBS_SUB4 (code, sub3_code, name) VALUES ('24201', '2420', '약사');
INSERT INTO JOBS_SUB4 (code, sub3_code, name) VALUES ('24202', '2420', '한약사');
INSERT INTO JOBS_SUB4 (code, sub3_code, name) VALUES ('24301', '2430', '전문 간호사');
INSERT INTO JOBS_SUB4 (code, sub3_code, name) VALUES ('24302', '2430', '일반 간호사');
INSERT INTO JOBS_SUB4 (code, sub3_code, name) VALUES ('24303', '2430', '보건교사');
INSERT INTO JOBS_SUB4 (code, sub3_code, name) VALUES ('24304', '2430', '조산사');
INSERT INTO JOBS_SUB4 (code, sub3_code, name) VALUES ('24401', '2440', '임상영양사');
INSERT INTO JOBS_SUB4 (code, sub3_code, name) VALUES ('24402', '2440', '일반영양사');
INSERT INTO JOBS_SUB4 (code, sub3_code, name) VALUES ('24403', '2440', '영양교사');
INSERT INTO JOBS_SUB4 (code, sub3_code, name) VALUES ('24510', '2451', '임상병리사');
INSERT INTO JOBS_SUB4 (code, sub3_code, name) VALUES ('24520', '2452', '방사선사');
INSERT INTO JOBS_SUB4 (code, sub3_code, name) VALUES ('24530', '2453', '치과기공사');
INSERT INTO JOBS_SUB4 (code, sub3_code, name) VALUES ('24540', '2454', '치과위생사');
INSERT INTO JOBS_SUB4 (code, sub3_code, name) VALUES ('24551', '2455', '의지 보조기기사');
INSERT INTO JOBS_SUB4 (code, sub3_code, name) VALUES ('24552', '2455', '보조공학사');
INSERT INTO JOBS_SUB4 (code, sub3_code, name) VALUES ('24561', '2456', '물리치료사');
INSERT INTO JOBS_SUB4 (code, sub3_code, name) VALUES ('24562', '2456', '작업치료사');
INSERT INTO JOBS_SUB4 (code, sub3_code, name) VALUES ('24570', '2457', '임상심리사');
INSERT INTO JOBS_SUB4 (code, sub3_code, name) VALUES ('24591', '2459', '전통 의료치료사');
INSERT INTO JOBS_SUB4 (code, sub3_code, name) VALUES ('24592', '2459', '언어재활사');
INSERT INTO JOBS_SUB4 (code, sub3_code, name) VALUES ('24593', '2459', '음악 및 미술치료사');
INSERT INTO JOBS_SUB4 (code, sub3_code, name) VALUES ('24594', '2459', '놀이 및 행동치료사');
INSERT INTO JOBS_SUB4 (code, sub3_code, name) VALUES ('24599', '2459', '그 외 치료∙재활사 및 의료기사');
INSERT INTO JOBS_SUB4 (code, sub3_code, name) VALUES ('24611', '2461', '119 구조대원');
INSERT INTO JOBS_SUB4 (code, sub3_code, name) VALUES ('24612', '2461', '구급 요원');
INSERT INTO JOBS_SUB4 (code, sub3_code, name) VALUES ('24620', '2462', '위생사');
INSERT INTO JOBS_SUB4 (code, sub3_code, name) VALUES ('24630', '2463', '안경사');
INSERT INTO JOBS_SUB4 (code, sub3_code, name) VALUES ('24640', '2464', '의무 기록사');
INSERT INTO JOBS_SUB4 (code, sub3_code, name) VALUES ('24650', '2465', '간호조무사');
INSERT INTO JOBS_SUB4 (code, sub3_code, name) VALUES ('24660', '2466', '안마사');
INSERT INTO JOBS_SUB4 (code, sub3_code, name) VALUES ('24710', '2471', '사회복지사');
INSERT INTO JOBS_SUB4 (code, sub3_code, name) VALUES ('24720', '2472', '보육교사');
INSERT INTO JOBS_SUB4 (code, sub3_code, name) VALUES ('24730', '2473', '직업상담사');
INSERT INTO JOBS_SUB4 (code, sub3_code, name) VALUES ('24740', '2474', '상담 전문가');
INSERT INTO JOBS_SUB4 (code, sub3_code, name) VALUES ('24750', '2475', '청소년 지도사');
INSERT INTO JOBS_SUB4 (code, sub3_code, name) VALUES ('24760', '2476', '시민 단체 활동가');
INSERT INTO JOBS_SUB4 (code, sub3_code, name) VALUES ('24791', '2479', '복지시설 생활 지도원');
INSERT INTO JOBS_SUB4 (code, sub3_code, name) VALUES ('24799', '2479', '그 외 사회복지 관련 종사원');
INSERT INTO JOBS_SUB4 (code, sub3_code, name) VALUES ('24811', '2481', '목사');
INSERT INTO JOBS_SUB4 (code, sub3_code, name) VALUES ('24812', '2481', '신부');
INSERT INTO JOBS_SUB4 (code, sub3_code, name) VALUES ('24813', '2481', '승려');
INSERT INTO JOBS_SUB4 (code, sub3_code, name) VALUES ('24814', '2481', '교무');
INSERT INTO JOBS_SUB4 (code, sub3_code, name) VALUES ('24819', '2481', '그 외 성직자');
INSERT INTO JOBS_SUB4 (code, sub3_code, name) VALUES ('24891', '2489', '수녀 및 수사');
INSERT INTO JOBS_SUB4 (code, sub3_code, name) VALUES ('24892', '2489', '전도사');
INSERT INTO JOBS_SUB4 (code, sub3_code, name) VALUES ('24899', '2489', '그 외 종교 관련 종사원');
INSERT INTO JOBS_SUB4 (code, sub3_code, name) VALUES ('25111', '2511', '교육 분야 교수');
INSERT INTO JOBS_SUB4 (code, sub3_code, name) VALUES ('25112', '2511', '예술 및 인문학 교수');
INSERT INTO JOBS_SUB4 (code, sub3_code, name) VALUES ('25113', '2511', '사회과학∙경영 및 법학 교수');
INSERT INTO JOBS_SUB4 (code, sub3_code, name) VALUES ('25114', '2511', '자연과학∙수학 및 통계학 교수');
INSERT INTO JOBS_SUB4 (code, sub3_code, name) VALUES ('25115', '2511', '정보 통신기술 분야 교수');
INSERT INTO JOBS_SUB4 (code, sub3_code, name) VALUES ('25116', '2511', '공학∙제조 및 건설 분야 교수');
INSERT INTO JOBS_SUB4 (code, sub3_code, name) VALUES ('25117', '2511', '농림∙수산업 및 수의학 교수');
INSERT INTO JOBS_SUB4 (code, sub3_code, name) VALUES ('25118', '2511', '보건 및 복지 교수');
INSERT INTO JOBS_SUB4 (code, sub3_code, name) VALUES ('25119', '2511', '체육 및 그 외 분야 교수');
INSERT INTO JOBS_SUB4 (code, sub3_code, name) VALUES ('25121', '2512', '교육 분야 시간강사');
INSERT INTO JOBS_SUB4 (code, sub3_code, name) VALUES ('25122', '2512', '예술 및 인문학 시간강사');
INSERT INTO JOBS_SUB4 (code, sub3_code, name) VALUES ('25123', '2512', '사회과학∙경영 및 법학 시간강사');
INSERT INTO JOBS_SUB4 (code, sub3_code, name) VALUES ('25124', '2512', '자연과학∙수학 및 통계학 시간강사');
INSERT INTO JOBS_SUB4 (code, sub3_code, name) VALUES ('25125', '2512', '정보 통신기술 분야 시간강사');
INSERT INTO JOBS_SUB4 (code, sub3_code, name) VALUES ('25126', '2512', '공학∙제조 및 건설 분야 시간강사');
INSERT INTO JOBS_SUB4 (code, sub3_code, name) VALUES ('25127', '2512', '농림∙수산업 및 수의학 시간강사');
INSERT INTO JOBS_SUB4 (code, sub3_code, name) VALUES ('25128', '2512', '보건 및 복지 시간강사');
INSERT INTO JOBS_SUB4 (code, sub3_code, name) VALUES ('25129', '2512', '체육 및 그 외 분야 시간강사');
INSERT INTO JOBS_SUB4 (code, sub3_code, name) VALUES ('25211', '2521', '국어 교사');
INSERT INTO JOBS_SUB4 (code, sub3_code, name) VALUES ('25212', '2521', '수학 교사');
INSERT INTO JOBS_SUB4 (code, sub3_code, name) VALUES ('25213', '2521', '사회 교사');
INSERT INTO JOBS_SUB4 (code, sub3_code, name) VALUES ('25214', '2521', '과학 교사');
INSERT INTO JOBS_SUB4 (code, sub3_code, name) VALUES ('25215', '2521', '예체능 교사');
INSERT INTO JOBS_SUB4 (code, sub3_code, name) VALUES ('25216', '2521', '실업 교사');
INSERT INTO JOBS_SUB4 (code, sub3_code, name) VALUES ('25217', '2521', '외국어 교사');
INSERT INTO JOBS_SUB4 (code, sub3_code, name) VALUES ('25219', '2521', '그 외 중∙고등학교 교사');
INSERT INTO JOBS_SUB4 (code, sub3_code, name) VALUES ('25220', '2522', '초등학교 교사');
INSERT INTO JOBS_SUB4 (code, sub3_code, name) VALUES ('25231', '2523', '시각장애인 특수교육 교사');
INSERT INTO JOBS_SUB4 (code, sub3_code, name) VALUES ('25232', '2523', '청각장애인 특수교육 교사');
INSERT INTO JOBS_SUB4 (code, sub3_code, name) VALUES ('25239', '2523', '그 외 특수교육 교사');
INSERT INTO JOBS_SUB4 (code, sub3_code, name) VALUES ('25300', '2530', '유치원 교사');
INSERT INTO JOBS_SUB4 (code, sub3_code, name) VALUES ('25411', '2541', '국어 강사');
INSERT INTO JOBS_SUB4 (code, sub3_code, name) VALUES ('25412', '2541', '수학 강사');
INSERT INTO JOBS_SUB4 (code, sub3_code, name) VALUES ('25413', '2541', '사회 강사');
INSERT INTO JOBS_SUB4 (code, sub3_code, name) VALUES ('25414', '2541', '과학 강사');
INSERT INTO JOBS_SUB4 (code, sub3_code, name) VALUES ('25415', '2541', '외국어 강사');
INSERT INTO JOBS_SUB4 (code, sub3_code, name) VALUES ('25419', '2541', '그 외 문리 및 어학 강사');
INSERT INTO JOBS_SUB4 (code, sub3_code, name) VALUES ('25420', '2542', '컴퓨터 강사');
INSERT INTO JOBS_SUB4 (code, sub3_code, name) VALUES ('25431', '2543', '디자인 강사');
INSERT INTO JOBS_SUB4 (code, sub3_code, name) VALUES ('25432', '2543', '이∙미용 강사');
INSERT INTO JOBS_SUB4 (code, sub3_code, name) VALUES ('25433', '2543', '자동차 운전 강사');
INSERT INTO JOBS_SUB4 (code, sub3_code, name) VALUES ('25434', '2543', '요리 강사');
INSERT INTO JOBS_SUB4 (code, sub3_code, name) VALUES ('25439', '2543', '그 외 기술 및 기능계 강사');
INSERT INTO JOBS_SUB4 (code, sub3_code, name) VALUES ('25441', '2544', '음악 강사');
INSERT INTO JOBS_SUB4 (code, sub3_code, name) VALUES ('25442', '2544', '미술 강사');
INSERT INTO JOBS_SUB4 (code, sub3_code, name) VALUES ('25443', '2544', '무용 강사');
INSERT INTO JOBS_SUB4 (code, sub3_code, name) VALUES ('25449', '2544', '그 외 예능 강사');
INSERT INTO JOBS_SUB4 (code, sub3_code, name) VALUES ('25451', '2545', '학습지 방문강사');
INSERT INTO JOBS_SUB4 (code, sub3_code, name) VALUES ('25452', '2545', '교육 교구 방문강사');
INSERT INTO JOBS_SUB4 (code, sub3_code, name) VALUES ('25491', '2549', '교육 연수 기관 강사');
INSERT INTO JOBS_SUB4 (code, sub3_code, name) VALUES ('25492', '2549', '기업체 직무 훈련 강사');
INSERT INTO JOBS_SUB4 (code, sub3_code, name) VALUES ('25499', '2549', '그 외 문리∙기술 및 예능 강사');
INSERT INTO JOBS_SUB4 (code, sub3_code, name) VALUES ('25911', '2591', '장학관 및 장학사');
INSERT INTO JOBS_SUB4 (code, sub3_code, name) VALUES ('25912', '2591', '교육 연구관 및 교육 연구사');
INSERT INTO JOBS_SUB4 (code, sub3_code, name) VALUES ('25913', '2591', '입학 사정관');
INSERT INTO JOBS_SUB4 (code, sub3_code, name) VALUES ('25919', '2591', '그 외 교육 전문가');
INSERT INTO JOBS_SUB4 (code, sub3_code, name) VALUES ('25920', '2592', '대학 교육 조교');
INSERT INTO JOBS_SUB4 (code, sub3_code, name) VALUES ('25990', '2599', '그 외 교사');
INSERT INTO JOBS_SUB4 (code, sub3_code, name) VALUES ('26111', '2611', '판사');
INSERT INTO JOBS_SUB4 (code, sub3_code, name) VALUES ('26112', '2611', '검사');
INSERT INTO JOBS_SUB4 (code, sub3_code, name) VALUES ('26120', '2612', '변호사');
INSERT INTO JOBS_SUB4 (code, sub3_code, name) VALUES ('26131', '2613', '법무사');
INSERT INTO JOBS_SUB4 (code, sub3_code, name) VALUES ('26132', '2613', '집행관');
INSERT INTO JOBS_SUB4 (code, sub3_code, name) VALUES ('26140', '2614', '변리사');
INSERT INTO JOBS_SUB4 (code, sub3_code, name) VALUES ('26190', '2619', '그 외 법률 전문가');
INSERT INTO JOBS_SUB4 (code, sub3_code, name) VALUES ('26201', '2620', '정부행정 전문가');
INSERT INTO JOBS_SUB4 (code, sub3_code, name) VALUES ('26202', '2620', '공공행정 전문가');
INSERT INTO JOBS_SUB4 (code, sub3_code, name) VALUES ('27111', '2711', '노무사');
INSERT INTO JOBS_SUB4 (code, sub3_code, name) VALUES ('27112', '2711', '인사 컨설턴트');
INSERT INTO JOBS_SUB4 (code, sub3_code, name) VALUES ('27113', '2711', '헤드헌터');
INSERT INTO JOBS_SUB4 (code, sub3_code, name) VALUES ('27119', '2711', '그 외 인사 및 노사 관련 전문가');
INSERT INTO JOBS_SUB4 (code, sub3_code, name) VALUES ('27120', '2712', '회계사');
INSERT INTO JOBS_SUB4 (code, sub3_code, name) VALUES ('27130', '2713', '세무사');
INSERT INTO JOBS_SUB4 (code, sub3_code, name) VALUES ('27140', '2714', '관세사');
INSERT INTO JOBS_SUB4 (code, sub3_code, name) VALUES ('27151', '2715', '경영 컨설턴트');
INSERT INTO JOBS_SUB4 (code, sub3_code, name) VALUES ('27152', '2715', '기업 인수 및 합병 전문가');
INSERT INTO JOBS_SUB4 (code, sub3_code, name) VALUES ('27153', '2715', '품질 인증 심사 전문가');
INSERT INTO JOBS_SUB4 (code, sub3_code, name) VALUES ('27159', '2715', '그 외 경영 및 진단 전문가');
INSERT INTO JOBS_SUB4 (code, sub3_code, name) VALUES ('27211', '2721', '투자 및 증권 분석가');
INSERT INTO JOBS_SUB4 (code, sub3_code, name) VALUES ('27212', '2721', '신용 분석가');
INSERT INTO JOBS_SUB4 (code, sub3_code, name) VALUES ('27221', '2722', '금융자산 운용가');
INSERT INTO JOBS_SUB4 (code, sub3_code, name) VALUES ('27229', '2722', '그 외 자산 운용가');
INSERT INTO JOBS_SUB4 (code, sub3_code, name) VALUES ('27231', '2723', '보험 상품 개발자');
INSERT INTO JOBS_SUB4 (code, sub3_code, name) VALUES ('27232', '2723', '금융 상품 개발자');
INSERT INTO JOBS_SUB4 (code, sub3_code, name) VALUES ('27241', '2724', '증권 중개인');
INSERT INTO JOBS_SUB4 (code, sub3_code, name) VALUES ('27242', '2724', '선물거래 중개인');
INSERT INTO JOBS_SUB4 (code, sub3_code, name) VALUES ('27243', '2724', '외환 딜러');
INSERT INTO JOBS_SUB4 (code, sub3_code, name) VALUES ('27250', '2725', '손해 사정사');
INSERT INTO JOBS_SUB4 (code, sub3_code, name) VALUES ('27291', '2729', '투자 인수 심사원');
INSERT INTO JOBS_SUB4 (code, sub3_code, name) VALUES ('27292', '2729', '보험 인수 심사원');
INSERT INTO JOBS_SUB4 (code, sub3_code, name) VALUES ('27293', '2729', '투자신탁 전문가');
INSERT INTO JOBS_SUB4 (code, sub3_code, name) VALUES ('27299', '2729', '그 외 금융 및 보험 관련 전문가');
INSERT INTO JOBS_SUB4 (code, sub3_code, name) VALUES ('27311', '2731', '상품 기획자');
INSERT INTO JOBS_SUB4 (code, sub3_code, name) VALUES ('27312', '2731', '마케팅 전문가');
INSERT INTO JOBS_SUB4 (code, sub3_code, name) VALUES ('27320', '2732', '여행 상품 개발자');
INSERT INTO JOBS_SUB4 (code, sub3_code, name) VALUES ('27331', '2733', '광고 전문가');
INSERT INTO JOBS_SUB4 (code, sub3_code, name) VALUES ('27332', '2733', '홍보 전문가');
INSERT INTO JOBS_SUB4 (code, sub3_code, name) VALUES ('27340', '2734', '조사 전문가');
INSERT INTO JOBS_SUB4 (code, sub3_code, name) VALUES ('27351', '2735', '이벤트 전문가');
INSERT INTO JOBS_SUB4 (code, sub3_code, name) VALUES ('27352', '2735', '행사 전시 기획자');
INSERT INTO JOBS_SUB4 (code, sub3_code, name) VALUES ('27353', '2735', '국내 및 국제회의 기획자');
INSERT INTO JOBS_SUB4 (code, sub3_code, name) VALUES ('27411', '2741', '부동산 감정 전문가');
INSERT INTO JOBS_SUB4 (code, sub3_code, name) VALUES ('27412', '2741', '동산 감정 전문가');
INSERT INTO JOBS_SUB4 (code, sub3_code, name) VALUES ('27420', '2742', '해외 영업원');
INSERT INTO JOBS_SUB4 (code, sub3_code, name) VALUES ('27431', '2743', '자동차 부품 기술 영업원');
INSERT INTO JOBS_SUB4 (code, sub3_code, name) VALUES ('27432', '2743', '전자 및 통신장비 기술 영업원');
INSERT INTO JOBS_SUB4 (code, sub3_code, name) VALUES ('27433', '2743', '의료장비 기술 영업원');
INSERT INTO JOBS_SUB4 (code, sub3_code, name) VALUES ('27434', '2743', '농업용 기계장비 기술 영업원');
INSERT INTO JOBS_SUB4 (code, sub3_code, name) VALUES ('27435', '2743', '산업용 기계장비 기술 영업원');
INSERT INTO JOBS_SUB4 (code, sub3_code, name) VALUES ('27436', '2743', '의약품 영업원');
INSERT INTO JOBS_SUB4 (code, sub3_code, name) VALUES ('27439', '2743', '그 외 기술 영업원');
INSERT INTO JOBS_SUB4 (code, sub3_code, name) VALUES ('27441', '2744', '농수산물 중개인 및 경매사');
INSERT INTO JOBS_SUB4 (code, sub3_code, name) VALUES ('27442', '2744', '예술품 중개인 및 경매사');
INSERT INTO JOBS_SUB4 (code, sub3_code, name) VALUES ('27449', '2744', '그 외 상품 중개인 및 경매사');
INSERT INTO JOBS_SUB4 (code, sub3_code, name) VALUES ('27451', '2745', '부동산 컨설턴트');
INSERT INTO JOBS_SUB4 (code, sub3_code, name) VALUES ('27452', '2745', '부동산 중개사');
INSERT INTO JOBS_SUB4 (code, sub3_code, name) VALUES ('27490', '2749', '그 외 기술 영업 및 중개 관련 종사원');
INSERT INTO JOBS_SUB4 (code, sub3_code, name) VALUES ('28111', '2811', '방송 및 시나리오 작가');
INSERT INTO JOBS_SUB4 (code, sub3_code, name) VALUES ('28112', '2811', '문학작가');
INSERT INTO JOBS_SUB4 (code, sub3_code, name) VALUES ('28119', '2811', '그 외 작가');
INSERT INTO JOBS_SUB4 (code, sub3_code, name) VALUES ('28121', '2812', '출판물 기획자');
INSERT INTO JOBS_SUB4 (code, sub3_code, name) VALUES ('28122', '2812', '출판물 편집자');
INSERT INTO JOBS_SUB4 (code, sub3_code, name) VALUES ('28131', '2813', '기자');
INSERT INTO JOBS_SUB4 (code, sub3_code, name) VALUES ('28132', '2813', '평론가');
INSERT INTO JOBS_SUB4 (code, sub3_code, name) VALUES ('28139', '2813', '그 외 언론 관련 전문가');
INSERT INTO JOBS_SUB4 (code, sub3_code, name) VALUES ('28141', '2814', '번역가');
INSERT INTO JOBS_SUB4 (code, sub3_code, name) VALUES ('28142', '2814', '통역가');
INSERT INTO JOBS_SUB4 (code, sub3_code, name) VALUES ('28211', '2821', '학예사');
INSERT INTO JOBS_SUB4 (code, sub3_code, name) VALUES ('28212', '2821', '문화재 보존원');
INSERT INTO JOBS_SUB4 (code, sub3_code, name) VALUES ('28221', '2822', '사서');
INSERT INTO JOBS_SUB4 (code, sub3_code, name) VALUES ('28222', '2822', '기록물 관리사');
INSERT INTO JOBS_SUB4 (code, sub3_code, name) VALUES ('28311', '2831', '감독 및 연출가');
INSERT INTO JOBS_SUB4 (code, sub3_code, name) VALUES ('28312', '2831', '기술 감독');
INSERT INTO JOBS_SUB4 (code, sub3_code, name) VALUES ('28319', '2831', '그 외 감독 및 연출가');
INSERT INTO JOBS_SUB4 (code, sub3_code, name) VALUES ('28321', '2832', '배우');
INSERT INTO JOBS_SUB4 (code, sub3_code, name) VALUES ('28322', '2832', '개그맨 및 코미디언');
INSERT INTO JOBS_SUB4 (code, sub3_code, name) VALUES ('28323', '2832', '성우');
INSERT INTO JOBS_SUB4 (code, sub3_code, name) VALUES ('28324', '2832', '모델');
INSERT INTO JOBS_SUB4 (code, sub3_code, name) VALUES ('28329', '2832', '그 외 배우 및 모델');
INSERT INTO JOBS_SUB4 (code, sub3_code, name) VALUES ('28331', '2833', '아나운서');
INSERT INTO JOBS_SUB4 (code, sub3_code, name) VALUES ('28332', '2833', '리포터');
INSERT INTO JOBS_SUB4 (code, sub3_code, name) VALUES ('28333', '2833', '쇼핑호스트');
INSERT INTO JOBS_SUB4 (code, sub3_code, name) VALUES ('28339', '2833', '그 외 아나운서 및 리포터');
INSERT INTO JOBS_SUB4 (code, sub3_code, name) VALUES ('28340', '2834', '촬영기사');
INSERT INTO JOBS_SUB4 (code, sub3_code, name) VALUES ('28350', '2835', '음향 및 녹음 기사');
INSERT INTO JOBS_SUB4 (code, sub3_code, name) VALUES ('28360', '2836', '영상∙녹화 및 편집 기사');
INSERT INTO JOBS_SUB4 (code, sub3_code, name) VALUES ('28371', '2837', '조명기사');
INSERT INTO JOBS_SUB4 (code, sub3_code, name) VALUES ('28372', '2837', '영사기사');
INSERT INTO JOBS_SUB4 (code, sub3_code, name) VALUES ('28391', '2839', '미디어 콘텐츠 창작자');
INSERT INTO JOBS_SUB4 (code, sub3_code, name) VALUES ('28392', '2839', '스크립터');
INSERT INTO JOBS_SUB4 (code, sub3_code, name) VALUES ('28393', '2839', '무대의상 관리원');
INSERT INTO JOBS_SUB4 (code, sub3_code, name) VALUES ('28394', '2839', '소품 관리원');
INSERT INTO JOBS_SUB4 (code, sub3_code, name) VALUES ('28395', '2839', '방송 및 영화연출 보조원');
INSERT INTO JOBS_SUB4 (code, sub3_code, name) VALUES ('28396', '2839', '보조 연기자');
INSERT INTO JOBS_SUB4 (code, sub3_code, name) VALUES ('28399', '2839', '그 외 연극∙영화 및 영상 관련 종사원');
INSERT INTO JOBS_SUB4 (code, sub3_code, name) VALUES ('28411', '2841', '화가');
INSERT INTO JOBS_SUB4 (code, sub3_code, name) VALUES ('28412', '2841', '조각가');
INSERT INTO JOBS_SUB4 (code, sub3_code, name) VALUES ('28413', '2841', '서예가');
INSERT INTO JOBS_SUB4 (code, sub3_code, name) VALUES ('28421', '2842', '사진작가');
INSERT INTO JOBS_SUB4 (code, sub3_code, name) VALUES ('28422', '2842', '사진기자');
INSERT INTO JOBS_SUB4 (code, sub3_code, name) VALUES ('28423', '2842', '사진가');
INSERT INTO JOBS_SUB4 (code, sub3_code, name) VALUES ('28431', '2843', '만화가');
INSERT INTO JOBS_SUB4 (code, sub3_code, name) VALUES ('28432', '2843', '만화영화 작가');
INSERT INTO JOBS_SUB4 (code, sub3_code, name) VALUES ('28441', '2844', '국악인');
INSERT INTO JOBS_SUB4 (code, sub3_code, name) VALUES ('28442', '2844', '국악 연주가');
INSERT INTO JOBS_SUB4 (code, sub3_code, name) VALUES ('28443', '2844', '국악 작곡 및 편곡가');
INSERT INTO JOBS_SUB4 (code, sub3_code, name) VALUES ('28444', '2844', '전통 예능인');
INSERT INTO JOBS_SUB4 (code, sub3_code, name) VALUES ('28451', '2845', '지휘자');
INSERT INTO JOBS_SUB4 (code, sub3_code, name) VALUES ('28452', '2845', '작곡가 및 편곡가');
INSERT INTO JOBS_SUB4 (code, sub3_code, name) VALUES ('28453', '2845', '연주가');
INSERT INTO JOBS_SUB4 (code, sub3_code, name) VALUES ('28461', '2846', '가수');
INSERT INTO JOBS_SUB4 (code, sub3_code, name) VALUES ('28462', '2846', '성악가');
INSERT INTO JOBS_SUB4 (code, sub3_code, name) VALUES ('28471', '2847', '무용가');
INSERT INTO JOBS_SUB4 (code, sub3_code, name) VALUES ('28472', '2847', '안무가');
INSERT INTO JOBS_SUB4 (code, sub3_code, name) VALUES ('28490', '2849', '그 외 시각 및 공연 예술가');
INSERT INTO JOBS_SUB4 (code, sub3_code, name) VALUES ('28511', '2851', '자동차 디자이너');
INSERT INTO JOBS_SUB4 (code, sub3_code, name) VALUES ('28512', '2851', '가구 디자이너');
INSERT INTO JOBS_SUB4 (code, sub3_code, name) VALUES ('28519', '2851', '그 외 제품 디자이너');
INSERT INTO JOBS_SUB4 (code, sub3_code, name) VALUES ('28521', '2852', '직물 디자이너');
INSERT INTO JOBS_SUB4 (code, sub3_code, name) VALUES ('28522', '2852', '의상 디자이너');
INSERT INTO JOBS_SUB4 (code, sub3_code, name) VALUES ('28523', '2852', '액세서리 디자이너');
INSERT INTO JOBS_SUB4 (code, sub3_code, name) VALUES ('28524', '2852', '가방 및 신발 디자이너');
INSERT INTO JOBS_SUB4 (code, sub3_code, name) VALUES ('28531', '2853', '인테리어 디자이너');
INSERT INTO JOBS_SUB4 (code, sub3_code, name) VALUES ('28532', '2853', '디스플레이 디자이너');
INSERT INTO JOBS_SUB4 (code, sub3_code, name) VALUES ('28533', '2853', '무대 및 세트 디자이너');
INSERT INTO JOBS_SUB4 (code, sub3_code, name) VALUES ('28541', '2854', '광고 디자이너');
INSERT INTO JOBS_SUB4 (code, sub3_code, name) VALUES ('28542', '2854', '포장 디자이너');
INSERT INTO JOBS_SUB4 (code, sub3_code, name) VALUES ('28543', '2854', '책 디자이너');
INSERT INTO JOBS_SUB4 (code, sub3_code, name) VALUES ('28544', '2854', '삽화가');
INSERT INTO JOBS_SUB4 (code, sub3_code, name) VALUES ('28545', '2854', '색채 전문가');
INSERT INTO JOBS_SUB4 (code, sub3_code, name) VALUES ('28546', '2854', '활자 디자이너');
INSERT INTO JOBS_SUB4 (code, sub3_code, name) VALUES ('28549', '2854', '그 외 시각 디자이너');
INSERT INTO JOBS_SUB4 (code, sub3_code, name) VALUES ('28551', '2855', '웹 디자이너');
INSERT INTO JOBS_SUB4 (code, sub3_code, name) VALUES ('28552', '2855', '멀티미디어 디자이너');
INSERT INTO JOBS_SUB4 (code, sub3_code, name) VALUES ('28553', '2855', '게임 그래픽 디자이너');
INSERT INTO JOBS_SUB4 (code, sub3_code, name) VALUES ('28554', '2855', '사용자 경험 및 인터페이스 디자이너');
INSERT INTO JOBS_SUB4 (code, sub3_code, name) VALUES ('28559', '2855', '그 외 미디어 콘텐츠 디자이너');
INSERT INTO JOBS_SUB4 (code, sub3_code, name) VALUES ('28611', '2861', '스포츠 감독');
INSERT INTO JOBS_SUB4 (code, sub3_code, name) VALUES ('28612', '2861', '스포츠 코치');
INSERT INTO JOBS_SUB4 (code, sub3_code, name) VALUES ('28620', '2862', '직업 운동선수');
INSERT INTO JOBS_SUB4 (code, sub3_code, name) VALUES ('28631', '2863', '경기 심판');
INSERT INTO JOBS_SUB4 (code, sub3_code, name) VALUES ('28632', '2863', '경기 기록원');
INSERT INTO JOBS_SUB4 (code, sub3_code, name) VALUES ('28691', '2869', '스포츠 강사 및 트레이너');
INSERT INTO JOBS_SUB4 (code, sub3_code, name) VALUES ('28692', '2869', '레크리에이션 전문가');
INSERT INTO JOBS_SUB4 (code, sub3_code, name) VALUES ('28699', '2869', '그 외 스포츠 및 레크리에이션 관련 전문가');
INSERT INTO JOBS_SUB4 (code, sub3_code, name) VALUES ('28701', '2870', '주방장');
INSERT INTO JOBS_SUB4 (code, sub3_code, name) VALUES ('28702', '2870', '요리 연구가');
INSERT INTO JOBS_SUB4 (code, sub3_code, name) VALUES ('28709', '2870', '그 외 식문화 관련 전문가');
INSERT INTO JOBS_SUB4 (code, sub3_code, name) VALUES ('28810', '2881', '공연·영화 및 음반 기획자');
INSERT INTO JOBS_SUB4 (code, sub3_code, name) VALUES ('28821', '2882', '연예인 매니저');
INSERT INTO JOBS_SUB4 (code, sub3_code, name) VALUES ('28822', '2882', '스포츠 매니저');
INSERT INTO JOBS_SUB4 (code, sub3_code, name) VALUES ('31110', '3111', '조세행정 사무원');
INSERT INTO JOBS_SUB4 (code, sub3_code, name) VALUES ('31120', '3112', '관세행정 사무원');
INSERT INTO JOBS_SUB4 (code, sub3_code, name) VALUES ('31130', '3113', '병무행정 사무원');
INSERT INTO JOBS_SUB4 (code, sub3_code, name) VALUES ('31141', '3114', '국가행정 사무원');
INSERT INTO JOBS_SUB4 (code, sub3_code, name) VALUES ('31142', '3114', '지방행정 사무원');
INSERT INTO JOBS_SUB4 (code, sub3_code, name) VALUES ('31150', '3115', '공공행정 사무원');
INSERT INTO JOBS_SUB4 (code, sub3_code, name) VALUES ('31211', '3121', '경영 기획 사무원');
INSERT INTO JOBS_SUB4 (code, sub3_code, name) VALUES ('31212', '3121', '영업 관리 사무원');
INSERT INTO JOBS_SUB4 (code, sub3_code, name) VALUES ('31213', '3121', '광고 및 홍보 사무원');
INSERT INTO JOBS_SUB4 (code, sub3_code, name) VALUES ('31214', '3121', '분양 및 임대 사무원');
INSERT INTO JOBS_SUB4 (code, sub3_code, name) VALUES ('31215', '3121', '판매 사무원');
INSERT INTO JOBS_SUB4 (code, sub3_code, name) VALUES ('31219', '3121', '그 외 기획 및 마케팅 사무원');
INSERT INTO JOBS_SUB4 (code, sub3_code, name) VALUES ('31221', '3122', '인사 및 노무 사무원');
INSERT INTO JOBS_SUB4 (code, sub3_code, name) VALUES ('31222', '3122', '교육 및 훈련 사무원');
INSERT INTO JOBS_SUB4 (code, sub3_code, name) VALUES ('31230', '3123', '자재 관리 사무원');
INSERT INTO JOBS_SUB4 (code, sub3_code, name) VALUES ('31241', '3124', '생산관리 사무원');
INSERT INTO JOBS_SUB4 (code, sub3_code, name) VALUES ('31242', '3124', '품질 관리 사무원');
INSERT INTO JOBS_SUB4 (code, sub3_code, name) VALUES ('31250', '3125', '무역 사무원');
INSERT INTO JOBS_SUB4 (code, sub3_code, name) VALUES ('31261', '3126', '도로운송 사무원');
INSERT INTO JOBS_SUB4 (code, sub3_code, name) VALUES ('31262', '3126', '철도운송 사무원');
INSERT INTO JOBS_SUB4 (code, sub3_code, name) VALUES ('31263', '3126', '수상운송 사무원');
INSERT INTO JOBS_SUB4 (code, sub3_code, name) VALUES ('31264', '3126', '항공운송 사무원');
INSERT INTO JOBS_SUB4 (code, sub3_code, name) VALUES ('31271', '3127', '총무 사무원');
INSERT INTO JOBS_SUB4 (code, sub3_code, name) VALUES ('31272', '3127', '대학 행정조교');
INSERT INTO JOBS_SUB4 (code, sub3_code, name) VALUES ('31310', '3131', '회계 사무원');
INSERT INTO JOBS_SUB4 (code, sub3_code, name) VALUES ('31320', '3132', '경리 사무원');
INSERT INTO JOBS_SUB4 (code, sub3_code, name) VALUES ('31411', '3141', '관리 비서');
INSERT INTO JOBS_SUB4 (code, sub3_code, name) VALUES ('31412', '3141', '일반 비서');
INSERT INTO JOBS_SUB4 (code, sub3_code, name) VALUES ('31421', '3142', '약국 전산 관리원');
INSERT INTO JOBS_SUB4 (code, sub3_code, name) VALUES ('31422', '3142', '전산 자료 입력원');
INSERT INTO JOBS_SUB4 (code, sub3_code, name) VALUES ('31423', '3142', '사무 보조원');
INSERT INTO JOBS_SUB4 (code, sub3_code, name) VALUES ('32010', '3201', '출납 창구 사무원');
INSERT INTO JOBS_SUB4 (code, sub3_code, name) VALUES ('32021', '3202', '보험 심사원');
INSERT INTO JOBS_SUB4 (code, sub3_code, name) VALUES ('32022', '3202', '보험 사무원');
INSERT INTO JOBS_SUB4 (code, sub3_code, name) VALUES ('32030', '3203', '은행 사무원');
INSERT INTO JOBS_SUB4 (code, sub3_code, name) VALUES ('32040', '3204', '증권 사무원');
INSERT INTO JOBS_SUB4 (code, sub3_code, name) VALUES ('32051', '3205', '수금원');
INSERT INTO JOBS_SUB4 (code, sub3_code, name) VALUES ('32052', '3205', '신용 추심원');
INSERT INTO JOBS_SUB4 (code, sub3_code, name) VALUES ('32090', '3209', '그 외 금융 사무원');
INSERT INTO JOBS_SUB4 (code, sub3_code, name) VALUES ('33011', '3301', '법무 사무원');
INSERT INTO JOBS_SUB4 (code, sub3_code, name) VALUES ('33012', '3301', '특허 사무원');
INSERT INTO JOBS_SUB4 (code, sub3_code, name) VALUES ('33019', '3301', '그 외 법률 관련 사무원');
INSERT INTO JOBS_SUB4 (code, sub3_code, name) VALUES ('33020', '3302', '감사 사무원');
INSERT INTO JOBS_SUB4 (code, sub3_code, name) VALUES ('39101', '3910', '통계 사무원');
INSERT INTO JOBS_SUB4 (code, sub3_code, name) VALUES ('39102', '3910', '통계 및 설문 조사 사무원');
INSERT INTO JOBS_SUB4 (code, sub3_code, name) VALUES ('39109', '3910', '그 외 통계 관련 사무원');
INSERT INTO JOBS_SUB4 (code, sub3_code, name) VALUES ('39210', '3921', '여행 사무원');
INSERT INTO JOBS_SUB4 (code, sub3_code, name) VALUES ('39221', '3922', '예약 및 접수 사무원');
INSERT INTO JOBS_SUB4 (code, sub3_code, name) VALUES ('39222', '3922', '데스크 안내원');
INSERT INTO JOBS_SUB4 (code, sub3_code, name) VALUES ('39223', '3922', '방송 안내원');
INSERT INTO JOBS_SUB4 (code, sub3_code, name) VALUES ('39224', '3922', '전화교환 및 전화번호 안내원');
INSERT INTO JOBS_SUB4 (code, sub3_code, name) VALUES ('39229', '3922', '그 외 안내∙접수원 및 전화교환원');
INSERT INTO JOBS_SUB4 (code, sub3_code, name) VALUES ('39911', '3991', '의료 서비스 상담 종사원');
INSERT INTO JOBS_SUB4 (code, sub3_code, name) VALUES ('39912', '3991', '전화 상담원');
INSERT INTO JOBS_SUB4 (code, sub3_code, name) VALUES ('39913', '3991', '방문 고객 상담원');
INSERT INTO JOBS_SUB4 (code, sub3_code, name) VALUES ('39914', '3991', '모니터 요원');
INSERT INTO JOBS_SUB4 (code, sub3_code, name) VALUES ('39915', '3991', '중개 사무원');
INSERT INTO JOBS_SUB4 (code, sub3_code, name) VALUES ('39919', '3991', '그 외 고객 상담 사무원');
INSERT INTO JOBS_SUB4 (code, sub3_code, name) VALUES ('39991', '3999', '출판 및 자료편집 사무원');
INSERT INTO JOBS_SUB4 (code, sub3_code, name) VALUES ('39992', '3999', '속기사');
INSERT INTO JOBS_SUB4 (code, sub3_code, name) VALUES ('39993', '3999', '행정사');
INSERT INTO JOBS_SUB4 (code, sub3_code, name) VALUES ('39994', '3999', '취업 알선원');
INSERT INTO JOBS_SUB4 (code, sub3_code, name) VALUES ('39999', '3999', '그 외 사무원');
INSERT INTO JOBS_SUB4 (code, sub3_code, name) VALUES ('41111', '4111', '해양 경찰관 및 수사관');
INSERT INTO JOBS_SUB4 (code, sub3_code, name) VALUES ('41112', '4111', '일반 경찰관 및 수사관');
INSERT INTO JOBS_SUB4 (code, sub3_code, name) VALUES ('41120', '4112', '소방관');
INSERT INTO JOBS_SUB4 (code, sub3_code, name) VALUES ('41131', '4113', '소년원 학교 교사');
INSERT INTO JOBS_SUB4 (code, sub3_code, name) VALUES ('41132', '4113', '교도관');
INSERT INTO JOBS_SUB4 (code, sub3_code, name) VALUES ('41210', '4121', '경호원');
INSERT INTO JOBS_SUB4 (code, sub3_code, name) VALUES ('41220', '4122', '청원경찰');
INSERT INTO JOBS_SUB4 (code, sub3_code, name) VALUES ('41231', '4123', '시설 경비원');
INSERT INTO JOBS_SUB4 (code, sub3_code, name) VALUES ('41232', '4123', '호송 경비원');
INSERT INTO JOBS_SUB4 (code, sub3_code, name) VALUES ('41233', '4123', '기계 경비원');
INSERT INTO JOBS_SUB4 (code, sub3_code, name) VALUES ('41234', '4123', '특수 경비원');
INSERT INTO JOBS_SUB4 (code, sub3_code, name) VALUES ('41239', '4123', '그 외 시설 및 특수 경비원');
INSERT INTO JOBS_SUB4 (code, sub3_code, name) VALUES ('41291', '4129', '보안 관제원');
INSERT INTO JOBS_SUB4 (code, sub3_code, name) VALUES ('41292', '4129', '유통 및 매장 감시원');
INSERT INTO JOBS_SUB4 (code, sub3_code, name) VALUES ('41293', '4129', '주차 단속원');
INSERT INTO JOBS_SUB4 (code, sub3_code, name) VALUES ('41299', '4129', '그 외 경호 및 보안 관련 종사원');
INSERT INTO JOBS_SUB4 (code, sub3_code, name) VALUES ('42111', '4211', '요양 보호사');
INSERT INTO JOBS_SUB4 (code, sub3_code, name) VALUES ('42112', '4211', '간병인');
INSERT INTO JOBS_SUB4 (code, sub3_code, name) VALUES ('42113', '4211', '노인 및 장애인 돌봄 서비스 종사원');
INSERT INTO JOBS_SUB4 (code, sub3_code, name) VALUES ('42121', '4212', '보육 관련 시설 서비스 종사원');
INSERT INTO JOBS_SUB4 (code, sub3_code, name) VALUES ('42122', '4212', '교사 교육 보조원');
INSERT INTO JOBS_SUB4 (code, sub3_code, name) VALUES ('42191', '4219', '산후조리 종사원');
INSERT INTO JOBS_SUB4 (code, sub3_code, name) VALUES ('42192', '4219', '치료사 보조원');
INSERT INTO JOBS_SUB4 (code, sub3_code, name) VALUES ('42199', '4219', '그 외 돌봄 및 보건 서비스 종사원');
INSERT INTO JOBS_SUB4 (code, sub3_code, name) VALUES ('42210', '4221', '이용사');
INSERT INTO JOBS_SUB4 (code, sub3_code, name) VALUES ('42220', '4222', '미용사');
INSERT INTO JOBS_SUB4 (code, sub3_code, name) VALUES ('42231', '4223', '피부 관리사');
INSERT INTO JOBS_SUB4 (code, sub3_code, name) VALUES ('42232', '4223', '체형 관리사');
INSERT INTO JOBS_SUB4 (code, sub3_code, name) VALUES ('42233', '4223', '손톱 관리사');
INSERT INTO JOBS_SUB4 (code, sub3_code, name) VALUES ('42234', '4223', '목욕 관리사');
INSERT INTO JOBS_SUB4 (code, sub3_code, name) VALUES ('42239', '4223', '그 외 피부 및 체형 관리 종사원');
INSERT INTO JOBS_SUB4 (code, sub3_code, name) VALUES ('42241', '4224', '메이크업 아티스트');
INSERT INTO JOBS_SUB4 (code, sub3_code, name) VALUES ('42242', '4224', '특수 분장사');
INSERT INTO JOBS_SUB4 (code, sub3_code, name) VALUES ('42243', '4224', '분장사');
INSERT INTO JOBS_SUB4 (code, sub3_code, name) VALUES ('42291', '4229', '패션 코디네이터');
INSERT INTO JOBS_SUB4 (code, sub3_code, name) VALUES ('42292', '4229', '이미지컨설턴트');
INSERT INTO JOBS_SUB4 (code, sub3_code, name) VALUES ('42299', '4229', '그 외 미용 관련 서비스 종사원');
INSERT INTO JOBS_SUB4 (code, sub3_code, name) VALUES ('42311', '4231', '결혼상담원');
INSERT INTO JOBS_SUB4 (code, sub3_code, name) VALUES ('42312', '4231', '웨딩플래너');
INSERT INTO JOBS_SUB4 (code, sub3_code, name) VALUES ('42320', '4232', '혼례 종사원');
INSERT INTO JOBS_SUB4 (code, sub3_code, name) VALUES ('42331', '4233', '장례 상담원');
INSERT INTO JOBS_SUB4 (code, sub3_code, name) VALUES ('42332', '4233', '장례 지도사');
INSERT INTO JOBS_SUB4 (code, sub3_code, name) VALUES ('42911', '4291', '반려동물 미용사');
INSERT INTO JOBS_SUB4 (code, sub3_code, name) VALUES ('42912', '4291', '반려동물 훈련사');
INSERT INTO JOBS_SUB4 (code, sub3_code, name) VALUES ('42913', '4291', '수의사 보조원');
INSERT INTO JOBS_SUB4 (code, sub3_code, name) VALUES ('42921', '4292', '점술가');
INSERT INTO JOBS_SUB4 (code, sub3_code, name) VALUES ('42922', '4292', '민속신앙 관련 종사원');
INSERT INTO JOBS_SUB4 (code, sub3_code, name) VALUES ('42930', '4293', '개인 생활 서비스 종사원');
INSERT INTO JOBS_SUB4 (code, sub3_code, name) VALUES ('43110', '4311', '항공기 객실 승무원');
INSERT INTO JOBS_SUB4 (code, sub3_code, name) VALUES ('43121', '4312', '선박 객실 승무원');
INSERT INTO JOBS_SUB4 (code, sub3_code, name) VALUES ('43122', '4312', '열차 객실 승무원');
INSERT INTO JOBS_SUB4 (code, sub3_code, name) VALUES ('43211', '4321', '국내여행 안내원');
INSERT INTO JOBS_SUB4 (code, sub3_code, name) VALUES ('43212', '4321', '국외여행 안내원');
INSERT INTO JOBS_SUB4 (code, sub3_code, name) VALUES ('43213', '4321', '관광 통역 안내원');
INSERT INTO JOBS_SUB4 (code, sub3_code, name) VALUES ('43214', '4321', '미술관∙박물관 해설 및 안내원');
INSERT INTO JOBS_SUB4 (code, sub3_code, name) VALUES ('43215', '4321', '전시 및 시설 견학 안내원');
INSERT INTO JOBS_SUB4 (code, sub3_code, name) VALUES ('43216', '4321', '문화 관광 및 숲∙자연환경 해설사');
INSERT INTO JOBS_SUB4 (code, sub3_code, name) VALUES ('43221', '4322', '호텔 서비스원');
INSERT INTO JOBS_SUB4 (code, sub3_code, name) VALUES ('43229', '4322', '그 외 숙박시설 서비스원');
INSERT INTO JOBS_SUB4 (code, sub3_code, name) VALUES ('43231', '4323', '유원시설 및 테마파크 서비스원');
INSERT INTO JOBS_SUB4 (code, sub3_code, name) VALUES ('43232', '4323', '노래방 서비스원');
INSERT INTO JOBS_SUB4 (code, sub3_code, name) VALUES ('43239', '4323', '그 외 오락시설 서비스원');
INSERT INTO JOBS_SUB4 (code, sub3_code, name) VALUES ('43291', '4329', '카지노 딜러');
INSERT INTO JOBS_SUB4 (code, sub3_code, name) VALUES ('43292', '4329', '골프장 캐디');
INSERT INTO JOBS_SUB4 (code, sub3_code, name) VALUES ('43293', '4329', '응원단원');
INSERT INTO JOBS_SUB4 (code, sub3_code, name) VALUES ('43299', '4329', '그 외 여가 서비스원');
INSERT INTO JOBS_SUB4 (code, sub3_code, name) VALUES ('44110', '4411', '한식 조리사');
INSERT INTO JOBS_SUB4 (code, sub3_code, name) VALUES ('44120', '4412', '중식 조리사');
INSERT INTO JOBS_SUB4 (code, sub3_code, name) VALUES ('44130', '4413', '양식 조리사');
INSERT INTO JOBS_SUB4 (code, sub3_code, name) VALUES ('44140', '4414', '일식 조리사');
INSERT INTO JOBS_SUB4 (code, sub3_code, name) VALUES ('44151', '4415', '커피 조리사');
INSERT INTO JOBS_SUB4 (code, sub3_code, name) VALUES ('44152', '4415', '전통차 조리사');
INSERT INTO JOBS_SUB4 (code, sub3_code, name) VALUES ('44159', '4415', '그 외 음료 조리사');
INSERT INTO JOBS_SUB4 (code, sub3_code, name) VALUES ('44191', '4419', '분식 조리사');
INSERT INTO JOBS_SUB4 (code, sub3_code, name) VALUES ('44199', '4419', '그 외 조리사');
INSERT INTO JOBS_SUB4 (code, sub3_code, name) VALUES ('44210', '4421', '바텐더');
INSERT INTO JOBS_SUB4 (code, sub3_code, name) VALUES ('44221', '4422', '음식 서비스 종사원');
INSERT INTO JOBS_SUB4 (code, sub3_code, name) VALUES ('44222', '4422', '음료 서비스 종사원');
INSERT INTO JOBS_SUB4 (code, sub3_code, name) VALUES ('44223', '4422', '주류 서비스 종사원');
INSERT INTO JOBS_SUB4 (code, sub3_code, name) VALUES ('44290', '4429', '그 외 음식 서비스 종사원');
INSERT INTO JOBS_SUB4 (code, sub3_code, name) VALUES ('51011', '5101', '신차 영업원');
INSERT INTO JOBS_SUB4 (code, sub3_code, name) VALUES ('51012', '5101', '중고차 영업원');
INSERT INTO JOBS_SUB4 (code, sub3_code, name) VALUES ('51021', '5102', '건축자재 영업원');
INSERT INTO JOBS_SUB4 (code, sub3_code, name) VALUES ('51022', '5102', '인쇄 및 광고 영업원');
INSERT INTO JOBS_SUB4 (code, sub3_code, name) VALUES ('51023', '5102', '식품 영업원');
INSERT INTO JOBS_SUB4 (code, sub3_code, name) VALUES ('51024', '5102', '체인점 모집 및 관리 영업원');
INSERT INTO JOBS_SUB4 (code, sub3_code, name) VALUES ('51029', '5102', '그 외 일반 영업원');
INSERT INTO JOBS_SUB4 (code, sub3_code, name) VALUES ('51031', '5103', '보험 중개인');
INSERT INTO JOBS_SUB4 (code, sub3_code, name) VALUES ('51032', '5103', '보험 설계사');
INSERT INTO JOBS_SUB4 (code, sub3_code, name) VALUES ('51033', '5103', '투자 권유 대행인');
INSERT INTO JOBS_SUB4 (code, sub3_code, name) VALUES ('51041', '5104', '대출 모집인');
INSERT INTO JOBS_SUB4 (code, sub3_code, name) VALUES ('51042', '5104', '신용카드 모집인');
INSERT INTO JOBS_SUB4 (code, sub3_code, name) VALUES ('52111', '5211', '소규모 상점 경영자');
INSERT INTO JOBS_SUB4 (code, sub3_code, name) VALUES ('52112', '5211', '소규모 상점 일선 관리 종사원');
INSERT INTO JOBS_SUB4 (code, sub3_code, name) VALUES ('52121', '5212', '의류 판매원');
INSERT INTO JOBS_SUB4 (code, sub3_code, name) VALUES ('52122', '5212', '화장품 판매원');
INSERT INTO JOBS_SUB4 (code, sub3_code, name) VALUES ('52123', '5212', '가전제품 판매원');
INSERT INTO JOBS_SUB4 (code, sub3_code, name) VALUES ('52124', '5212', '가구 판매원');
INSERT INTO JOBS_SUB4 (code, sub3_code, name) VALUES ('52125', '5212', '신발 및 액세서리 판매원');
INSERT INTO JOBS_SUB4 (code, sub3_code, name) VALUES ('52126', '5212', '서적∙문구 및 음반 판매원');
INSERT INTO JOBS_SUB4 (code, sub3_code, name) VALUES ('52127', '5212', '원예작물 판매원');
INSERT INTO JOBS_SUB4 (code, sub3_code, name) VALUES ('52128', '5212', '음식료품 판매원');
INSERT INTO JOBS_SUB4 (code, sub3_code, name) VALUES ('52129', '5212', '그 외 상점 판매원');
INSERT INTO JOBS_SUB4 (code, sub3_code, name) VALUES ('52131', '5213', '항공권 판매원');
INSERT INTO JOBS_SUB4 (code, sub3_code, name) VALUES ('52132', '5213', '승차권 판매원');
INSERT INTO JOBS_SUB4 (code, sub3_code, name) VALUES ('52133', '5213', '입장권 판매원');
INSERT INTO JOBS_SUB4 (code, sub3_code, name) VALUES ('52134', '5213', '복권 및 마권 판매원');
INSERT INTO JOBS_SUB4 (code, sub3_code, name) VALUES ('52139', '5213', '그 외 매표원 및 복권 판매원');
INSERT INTO JOBS_SUB4 (code, sub3_code, name) VALUES ('52141', '5214', '매장 계산원');
INSERT INTO JOBS_SUB4 (code, sub3_code, name) VALUES ('52142', '5214', '요금 정산원');
INSERT INTO JOBS_SUB4 (code, sub3_code, name) VALUES ('52201', '5220', '자동차 대여원');
INSERT INTO JOBS_SUB4 (code, sub3_code, name) VALUES ('52202', '5220', '생활용품 대여원');
INSERT INTO JOBS_SUB4 (code, sub3_code, name) VALUES ('52203', '5220', '사무용품 대여원');
INSERT INTO JOBS_SUB4 (code, sub3_code, name) VALUES ('52204', '5220', '오락 및 스포츠용품 대여원');
INSERT INTO JOBS_SUB4 (code, sub3_code, name) VALUES ('52205', '5220', '도서 및 영상 기록 매체 대여원');
INSERT INTO JOBS_SUB4 (code, sub3_code, name) VALUES ('52209', '5220', '그 외 상품 대여원');
INSERT INTO JOBS_SUB4 (code, sub3_code, name) VALUES ('53110', '5311', '단말기 및 통신 서비스 판매원');
INSERT INTO JOBS_SUB4 (code, sub3_code, name) VALUES ('53120', '5312', '온라인 쇼핑 판매원');
INSERT INTO JOBS_SUB4 (code, sub3_code, name) VALUES ('53130', '5313', '텔레마케터');
INSERT INTO JOBS_SUB4 (code, sub3_code, name) VALUES ('53210', '5321', '방문 판매원');
INSERT INTO JOBS_SUB4 (code, sub3_code, name) VALUES ('53220', '5322', '노점 및 이동 판매원');
INSERT INTO JOBS_SUB4 (code, sub3_code, name) VALUES ('53231', '5323', '행사 및 홍보 도우미');
INSERT INTO JOBS_SUB4 (code, sub3_code, name) VALUES ('53232', '5323', '판촉원');
INSERT INTO JOBS_SUB4 (code, sub3_code, name) VALUES ('61110', '6111', '곡식작물 재배원');
INSERT INTO JOBS_SUB4 (code, sub3_code, name) VALUES ('61121', '6112', '채소작물 재배원');
INSERT INTO JOBS_SUB4 (code, sub3_code, name) VALUES ('61122', '6112', '특용작물 재배원');
INSERT INTO JOBS_SUB4 (code, sub3_code, name) VALUES ('61130', '6113', '과수작물 재배원');
INSERT INTO JOBS_SUB4 (code, sub3_code, name) VALUES ('61211', '6121', '육묘작물 재배원');
INSERT INTO JOBS_SUB4 (code, sub3_code, name) VALUES ('61212', '6121', '화훼작물 재배원');
INSERT INTO JOBS_SUB4 (code, sub3_code, name) VALUES ('61220', '6122', '조경원');
INSERT INTO JOBS_SUB4 (code, sub3_code, name) VALUES ('61311', '6131', '젖소 사육자');
INSERT INTO JOBS_SUB4 (code, sub3_code, name) VALUES ('61319', '6131', '그 외 낙농업 관련 종사원');
INSERT INTO JOBS_SUB4 (code, sub3_code, name) VALUES ('61321', '6132', '육우 사육자');
INSERT INTO JOBS_SUB4 (code, sub3_code, name) VALUES ('61322', '6132', '돼지 사육자');
INSERT INTO JOBS_SUB4 (code, sub3_code, name) VALUES ('61323', '6132', '가금 사육자');
INSERT INTO JOBS_SUB4 (code, sub3_code, name) VALUES ('61329', '6132', '그 외 가축 사육 종사원');
INSERT INTO JOBS_SUB4 (code, sub3_code, name) VALUES ('61391', '6139', '양봉 종사원');
INSERT INTO JOBS_SUB4 (code, sub3_code, name) VALUES ('61392', '6139', '수렵 종사원');
INSERT INTO JOBS_SUB4 (code, sub3_code, name) VALUES ('61393', '6139', '동물 부화원');
INSERT INTO JOBS_SUB4 (code, sub3_code, name) VALUES ('61394', '6139', '감별사');
INSERT INTO JOBS_SUB4 (code, sub3_code, name) VALUES ('61395', '6139', '동물원 사육사');
INSERT INTO JOBS_SUB4 (code, sub3_code, name) VALUES ('61399', '6139', '그 외 사육 관련 종사원');
INSERT INTO JOBS_SUB4 (code, sub3_code, name) VALUES ('62011', '6201', '조림원 및 산림경영인');
INSERT INTO JOBS_SUB4 (code, sub3_code, name) VALUES ('62012', '6201', '벌목원');
INSERT INTO JOBS_SUB4 (code, sub3_code, name) VALUES ('62091', '6209', '임산물 채취 종사원');
INSERT INTO JOBS_SUB4 (code, sub3_code, name) VALUES ('62099', '6209', '그 외 임업 관련 종사원');
INSERT INTO JOBS_SUB4 (code, sub3_code, name) VALUES ('63011', '6301', '어패류 양식원');
INSERT INTO JOBS_SUB4 (code, sub3_code, name) VALUES ('63012', '6301', '해조류 양식원');
INSERT INTO JOBS_SUB4 (code, sub3_code, name) VALUES ('63019', '6301', '그 외 양식원');
INSERT INTO JOBS_SUB4 (code, sub3_code, name) VALUES ('63021', '6302', '원근해 어부');
INSERT INTO JOBS_SUB4 (code, sub3_code, name) VALUES ('63022', '6302', '내수면 어부');
INSERT INTO JOBS_SUB4 (code, sub3_code, name) VALUES ('63023', '6302', '해녀');
INSERT INTO JOBS_SUB4 (code, sub3_code, name) VALUES ('71010', '7101', '제빵사 및 제과원');
INSERT INTO JOBS_SUB4 (code, sub3_code, name) VALUES ('71020', '7102', '떡 제조원');
INSERT INTO JOBS_SUB4 (code, sub3_code, name) VALUES ('71031', '7103', '정육가공원');
INSERT INTO JOBS_SUB4 (code, sub3_code, name) VALUES ('71032', '7103', '도축원');
INSERT INTO JOBS_SUB4 (code, sub3_code, name) VALUES ('71039', '7103', '그 외 정육가공 및 도축 관련 종사원');
INSERT INTO JOBS_SUB4 (code, sub3_code, name) VALUES ('71041', '7104', '식품 등급원');
INSERT INTO JOBS_SUB4 (code, sub3_code, name) VALUES ('71042', '7104', '담배 등급원');
INSERT INTO JOBS_SUB4 (code, sub3_code, name) VALUES ('71051', '7105', '김치 제조 종사원');
INSERT INTO JOBS_SUB4 (code, sub3_code, name) VALUES ('71052', '7105', '밑반찬 제조 종사원');
INSERT INTO JOBS_SUB4 (code, sub3_code, name) VALUES ('71091', '7109', '건강원 및 탕제원 종사원');
INSERT INTO JOBS_SUB4 (code, sub3_code, name) VALUES ('71092', '7109', '수산물가공 및 염장원');
INSERT INTO JOBS_SUB4 (code, sub3_code, name) VALUES ('71099', '7109', '그 외 수제 식품 제조 종사원');
INSERT INTO JOBS_SUB4 (code, sub3_code, name) VALUES ('72111', '7211', '직물 패턴사');
INSERT INTO JOBS_SUB4 (code, sub3_code, name) VALUES ('72112', '7211', '가죽 패턴사');
INSERT INTO JOBS_SUB4 (code, sub3_code, name) VALUES ('72113', '7211', '모피 패턴사');
INSERT INTO JOBS_SUB4 (code, sub3_code, name) VALUES ('72119', '7211', '그 외 패턴사');
INSERT INTO JOBS_SUB4 (code, sub3_code, name) VALUES ('72121', '7212', '의복 재단사');
INSERT INTO JOBS_SUB4 (code, sub3_code, name) VALUES ('72122', '7212', '신발 및 구두 재단사');
INSERT INTO JOBS_SUB4 (code, sub3_code, name) VALUES ('72129', '7212', '그 외 재단사');
INSERT INTO JOBS_SUB4 (code, sub3_code, name) VALUES ('72131', '7213', '직물 재봉사');
INSERT INTO JOBS_SUB4 (code, sub3_code, name) VALUES ('72132', '7213', '가죽 및 모피 재봉사');
INSERT INTO JOBS_SUB4 (code, sub3_code, name) VALUES ('72133', '7213', '신발 재봉사');
INSERT INTO JOBS_SUB4 (code, sub3_code, name) VALUES ('72134', '7213', '기계 자수사');
INSERT INTO JOBS_SUB4 (code, sub3_code, name) VALUES ('72139', '7213', '그 외 재봉사');
INSERT INTO JOBS_SUB4 (code, sub3_code, name) VALUES ('72140', '7214', '제화원');
INSERT INTO JOBS_SUB4 (code, sub3_code, name) VALUES ('72191', '7219', '모자 제조원');
INSERT INTO JOBS_SUB4 (code, sub3_code, name) VALUES ('72192', '7219', '카펫 및 가발 제조원');
INSERT INTO JOBS_SUB4 (code, sub3_code, name) VALUES ('72193', '7219', '시트 제품 제조원');
INSERT INTO JOBS_SUB4 (code, sub3_code, name) VALUES ('72194', '7219', '수날염원');
INSERT INTO JOBS_SUB4 (code, sub3_code, name) VALUES ('72195', '7219', '섬유 및 펠트 관련 선별원');
INSERT INTO JOBS_SUB4 (code, sub3_code, name) VALUES ('72199', '7219', '그 외 섬유 및 가죽 관련 기능 종사원');
INSERT INTO JOBS_SUB4 (code, sub3_code, name) VALUES ('72210', '7221', '한복 제조원');
INSERT INTO JOBS_SUB4 (code, sub3_code, name) VALUES ('72221', '7222', '양장 제조원');
INSERT INTO JOBS_SUB4 (code, sub3_code, name) VALUES ('72222', '7222', '양복 제조원');
INSERT INTO JOBS_SUB4 (code, sub3_code, name) VALUES ('72230', '7223', '모피 및 가죽 의복 제조원');
INSERT INTO JOBS_SUB4 (code, sub3_code, name) VALUES ('72241', '7224', '의복 수선원');
INSERT INTO JOBS_SUB4 (code, sub3_code, name) VALUES ('72242', '7224', '가죽 및 모피 수선원');
INSERT INTO JOBS_SUB4 (code, sub3_code, name) VALUES ('72243', '7224', '구두 수선원');
INSERT INTO JOBS_SUB4 (code, sub3_code, name) VALUES ('72249', '7224', '그 외 수선원');
INSERT INTO JOBS_SUB4 (code, sub3_code, name) VALUES ('72290', '7229', '그 외 의복 제조 관련 기능 종사원');
INSERT INTO JOBS_SUB4 (code, sub3_code, name) VALUES ('73011', '7301', '목재케이스 및 나무상자 제조원');
INSERT INTO JOBS_SUB4 (code, sub3_code, name) VALUES ('73019', '7301', '그 외 목제품 제조 관련 종사원');
INSERT INTO JOBS_SUB4 (code, sub3_code, name) VALUES ('73021', '7302', '가구 제조원');
INSERT INTO JOBS_SUB4 (code, sub3_code, name) VALUES ('73022', '7302', '가구 수리원');
INSERT INTO JOBS_SUB4 (code, sub3_code, name) VALUES ('73031', '7303', '악기 제조 및 수리원');
INSERT INTO JOBS_SUB4 (code, sub3_code, name) VALUES ('73032', '7303', '조율사');
INSERT INTO JOBS_SUB4 (code, sub3_code, name) VALUES ('73040', '7304', '간판 제작 및 설치원');
INSERT INTO JOBS_SUB4 (code, sub3_code, name) VALUES ('74110', '7411', '금형원');
INSERT INTO JOBS_SUB4 (code, sub3_code, name) VALUES ('74121', '7412', '목형원');
INSERT INTO JOBS_SUB4 (code, sub3_code, name) VALUES ('74122', '7412', '주형원');
INSERT INTO JOBS_SUB4 (code, sub3_code, name) VALUES ('74123', '7412', '금속 주입원');
INSERT INTO JOBS_SUB4 (code, sub3_code, name) VALUES ('74130', '7413', '단조원');
INSERT INTO JOBS_SUB4 (code, sub3_code, name) VALUES ('74210', '7421', '제관원');
INSERT INTO JOBS_SUB4 (code, sub3_code, name) VALUES ('74220', '7422', '판금원');
INSERT INTO JOBS_SUB4 (code, sub3_code, name) VALUES ('74301', '7430', '가스 용접원');
INSERT INTO JOBS_SUB4 (code, sub3_code, name) VALUES ('74302', '7430', '전기 용접원');
INSERT INTO JOBS_SUB4 (code, sub3_code, name) VALUES ('74309', '7430', '그 외 용접원');
INSERT INTO JOBS_SUB4 (code, sub3_code, name) VALUES ('75101', '7510', '자동차 엔진 정비원');
INSERT INTO JOBS_SUB4 (code, sub3_code, name) VALUES ('75102', '7510', '자동차 섀시 정비원');
INSERT INTO JOBS_SUB4 (code, sub3_code, name) VALUES ('75103', '7510', '자동차 전기 및 전자 정비원');
INSERT INTO JOBS_SUB4 (code, sub3_code, name) VALUES ('75104', '7510', '자동차 판금 정비원');
INSERT INTO JOBS_SUB4 (code, sub3_code, name) VALUES ('75105', '7510', '자동차 도장 정비원');
INSERT INTO JOBS_SUB4 (code, sub3_code, name) VALUES ('75106', '7510', '자동차 경정비원');
INSERT INTO JOBS_SUB4 (code, sub3_code, name) VALUES ('75107', '7510', '자동차 튜닝원');
INSERT INTO JOBS_SUB4 (code, sub3_code, name) VALUES ('75109', '7510', '그 외 자동차 정비원');
INSERT INTO JOBS_SUB4 (code, sub3_code, name) VALUES ('75211', '7521', '비행기 정비원');
INSERT INTO JOBS_SUB4 (code, sub3_code, name) VALUES ('75212', '7521', '헬리콥터 정비원');
INSERT INTO JOBS_SUB4 (code, sub3_code, name) VALUES ('75220', '7522', '선박 정비원');
INSERT INTO JOBS_SUB4 (code, sub3_code, name) VALUES ('75231', '7523', '고속철 기관차 정비원');
INSERT INTO JOBS_SUB4 (code, sub3_code, name) VALUES ('75232', '7523', '철도 기관차 정비원');
INSERT INTO JOBS_SUB4 (code, sub3_code, name) VALUES ('75233', '7523', '전동차 정비원');
INSERT INTO JOBS_SUB4 (code, sub3_code, name) VALUES ('75234', '7523', '여객차 및 화차 정비원');
INSERT INTO JOBS_SUB4 (code, sub3_code, name) VALUES ('75291', '7529', '오토바이 정비원');
INSERT INTO JOBS_SUB4 (code, sub3_code, name) VALUES ('75292', '7529', '자전거 정비원');
INSERT INTO JOBS_SUB4 (code, sub3_code, name) VALUES ('75299', '7529', '그 외 운송장비 정비원');
INSERT INTO JOBS_SUB4 (code, sub3_code, name) VALUES ('75311', '7531', '식품기계 설치 및 정비원');
INSERT INTO JOBS_SUB4 (code, sub3_code, name) VALUES ('75312', '7531', '섬유기계 설치 및 정비원');
INSERT INTO JOBS_SUB4 (code, sub3_code, name) VALUES ('75313', '7531', '화학기계 설치 및 정비원');
INSERT INTO JOBS_SUB4 (code, sub3_code, name) VALUES ('75314', '7531', '공작기계 설치 및 정비원');
INSERT INTO JOBS_SUB4 (code, sub3_code, name) VALUES ('75315', '7531', '전자 제품 기계 설치 및 정비원');
INSERT INTO JOBS_SUB4 (code, sub3_code, name) VALUES ('75319', '7531', '그 외 공업기계 설치 및 정비원');
INSERT INTO JOBS_SUB4 (code, sub3_code, name) VALUES ('75321', '7532', '엘리베이터 설치 및 정비원');
INSERT INTO JOBS_SUB4 (code, sub3_code, name) VALUES ('75322', '7532', '에스컬레이터 설치 및 정비원');
INSERT INTO JOBS_SUB4 (code, sub3_code, name) VALUES ('75323', '7532', '휠체어 리프트 설치 및 정비원');
INSERT INTO JOBS_SUB4 (code, sub3_code, name) VALUES ('75331', '7533', '크레인 설치 및 정비원');
INSERT INTO JOBS_SUB4 (code, sub3_code, name) VALUES ('75332', '7533', '호이스트 설치 및 정비원');
INSERT INTO JOBS_SUB4 (code, sub3_code, name) VALUES ('75333', '7533', '지게차 정비원');
INSERT INTO JOBS_SUB4 (code, sub3_code, name) VALUES ('75339', '7533', '그 외 물품 이동 장비 설치 및 정비원');
INSERT INTO JOBS_SUB4 (code, sub3_code, name) VALUES ('75341', '7534', '건물용 냉동∙냉장∙공조기 설치 및 정비원');
INSERT INTO JOBS_SUB4 (code, sub3_code, name) VALUES ('75349', '7534', '그 외 냉동∙냉장∙공조기 설치 및 정비원');
INSERT INTO JOBS_SUB4 (code, sub3_code, name) VALUES ('75351', '7535', '건물용 보일러 설치 및 정비원');
INSERT INTO JOBS_SUB4 (code, sub3_code, name) VALUES ('75359', '7535', '그 외 보일러 설치 및 정비원');
INSERT INTO JOBS_SUB4 (code, sub3_code, name) VALUES ('75361', '7536', '건설용 굴삭기 정비원');
INSERT INTO JOBS_SUB4 (code, sub3_code, name) VALUES ('75362', '7536', '광업용 기계 설치 및 정비원');
INSERT INTO JOBS_SUB4 (code, sub3_code, name) VALUES ('75369', '7536', '그 외 건설용 기계 정비원');
INSERT INTO JOBS_SUB4 (code, sub3_code, name) VALUES ('75391', '7539', '농업용 기계 설치 및 정비원');
INSERT INTO JOBS_SUB4 (code, sub3_code, name) VALUES ('75399', '7539', '그 외 기계장비 설치 및 정비원');
INSERT INTO JOBS_SUB4 (code, sub3_code, name) VALUES ('76110', '7611', '사무용 전자기기 설치 및 수리원');
INSERT INTO JOBS_SUB4 (code, sub3_code, name) VALUES ('76120', '7612', '가전제품 설치 및 수리원');
INSERT INTO JOBS_SUB4 (code, sub3_code, name) VALUES ('76191', '7619', '감시카메라 설치 및 수리원');
INSERT INTO JOBS_SUB4 (code, sub3_code, name) VALUES ('76192', '7619', '현금인출기 설치 및 수리원');
INSERT INTO JOBS_SUB4 (code, sub3_code, name) VALUES ('76193', '7619', '포스시스템 설치 및 수리원');
INSERT INTO JOBS_SUB4 (code, sub3_code, name) VALUES ('76194', '7619', '영상∙전자음향기기 설치 및 수리원');
INSERT INTO JOBS_SUB4 (code, sub3_code, name) VALUES ('76195', '7619', '의료기기 설치 및 수리원');
INSERT INTO JOBS_SUB4 (code, sub3_code, name) VALUES ('76196', '7619', '시계 및 카메라 수리원');
INSERT INTO JOBS_SUB4 (code, sub3_code, name) VALUES ('76197', '7619', '광학기구 수리원');
INSERT INTO JOBS_SUB4 (code, sub3_code, name) VALUES ('76199', '7619', '그 외 전기∙전자기기 설치 및 수리원');
INSERT INTO JOBS_SUB4 (code, sub3_code, name) VALUES ('76211', '7621', '항공기 전기 설치원');
INSERT INTO JOBS_SUB4 (code, sub3_code, name) VALUES ('76212', '7621', '선박 전기 설치원');
INSERT INTO JOBS_SUB4 (code, sub3_code, name) VALUES ('76213', '7621', '철도차량 전기 설치원');
INSERT INTO JOBS_SUB4 (code, sub3_code, name) VALUES ('76214', '7621', '플랜트 전기 설치원');
INSERT INTO JOBS_SUB4 (code, sub3_code, name) VALUES ('76219', '7621', '그 외 산업 전기 설치원');
INSERT INTO JOBS_SUB4 (code, sub3_code, name) VALUES ('76221', '7622', '건물 내 전기 설치 및 정비원');
INSERT INTO JOBS_SUB4 (code, sub3_code, name) VALUES ('76222', '7622', '비상 발전기 설치 및 정비원');
INSERT INTO JOBS_SUB4 (code, sub3_code, name) VALUES ('76223', '7622', '조명 기구 설치 및 수리원');
INSERT INTO JOBS_SUB4 (code, sub3_code, name) VALUES ('76224', '7622', '전기제어장치 설치 및 정비원');
INSERT INTO JOBS_SUB4 (code, sub3_code, name) VALUES ('76225', '7622', '전기기기 설치 및 정비원');
INSERT INTO JOBS_SUB4 (code, sub3_code, name) VALUES ('76229', '7622', '그 외 내선 설치 및 정비원');
INSERT INTO JOBS_SUB4 (code, sub3_code, name) VALUES ('76231', '7623', '송배전설비 전기원');
INSERT INTO JOBS_SUB4 (code, sub3_code, name) VALUES ('76232', '7623', '지중 전력설비 전기원');
INSERT INTO JOBS_SUB4 (code, sub3_code, name) VALUES ('76233', '7623', '전기케이블 접속원');
INSERT INTO JOBS_SUB4 (code, sub3_code, name) VALUES ('76234', '7623', '철도 고가 전선 가설원');
INSERT INTO JOBS_SUB4 (code, sub3_code, name) VALUES ('76239', '7623', '그 외 외선 전기원');
INSERT INTO JOBS_SUB4 (code, sub3_code, name) VALUES ('77110', '7711', '컴퓨터 설치 및 수리원');
INSERT INTO JOBS_SUB4 (code, sub3_code, name) VALUES ('77120', '7712', '이동전화기 수리원');
INSERT INTO JOBS_SUB4 (code, sub3_code, name) VALUES ('77190', '7719', '그 외 정보 통신기기 설치 및 수리원');
INSERT INTO JOBS_SUB4 (code, sub3_code, name) VALUES ('77211', '7721', '방송장비 설치 및 수리원');
INSERT INTO JOBS_SUB4 (code, sub3_code, name) VALUES ('77212', '7721', '위성방송 안테나 설치 및 수리원');
INSERT INTO JOBS_SUB4 (code, sub3_code, name) VALUES ('77221', '7722', '통신장비 설치 및 수리원');
INSERT INTO JOBS_SUB4 (code, sub3_code, name) VALUES ('77222', '7722', '기지국 설치 및 수리원');
INSERT INTO JOBS_SUB4 (code, sub3_code, name) VALUES ('77231', '7723', '통신케이블 설치 및 수리원');
INSERT INTO JOBS_SUB4 (code, sub3_code, name) VALUES ('77232', '7723', '방송케이블 설치 및 수리원');
INSERT INTO JOBS_SUB4 (code, sub3_code, name) VALUES ('77233', '7723', '인터넷케이블 설치 및 수리원');
INSERT INTO JOBS_SUB4 (code, sub3_code, name) VALUES ('78111', '7811', '강구조물 가공원');
INSERT INTO JOBS_SUB4 (code, sub3_code, name) VALUES ('78112', '7811', '강구조물 건립원');
INSERT INTO JOBS_SUB4 (code, sub3_code, name) VALUES ('78120', '7812', '경량 철골공');
INSERT INTO JOBS_SUB4 (code, sub3_code, name) VALUES ('78210', '7821', '철근공');
INSERT INTO JOBS_SUB4 (code, sub3_code, name) VALUES ('78221', '7822', '인조석 설치원');
INSERT INTO JOBS_SUB4 (code, sub3_code, name) VALUES ('78222', '7822', '콘크리트패널 조립원');
INSERT INTO JOBS_SUB4 (code, sub3_code, name) VALUES ('78223', '7822', '콘크리트 타설원');
INSERT INTO JOBS_SUB4 (code, sub3_code, name) VALUES ('78230', '7823', '건축 석공');
INSERT INTO JOBS_SUB4 (code, sub3_code, name) VALUES ('78241', '7824', '전통 건물 건축원');
INSERT INTO JOBS_SUB4 (code, sub3_code, name) VALUES ('78242', '7824', '외장 목공');
INSERT INTO JOBS_SUB4 (code, sub3_code, name) VALUES ('78243', '7824', '형틀 목공');
INSERT INTO JOBS_SUB4 (code, sub3_code, name) VALUES ('78244', '7824', '내장 목공');
INSERT INTO JOBS_SUB4 (code, sub3_code, name) VALUES ('78251', '7825', '조적공');
INSERT INTO JOBS_SUB4 (code, sub3_code, name) VALUES ('78252', '7825', '보도블록 설치원');
INSERT INTO JOBS_SUB4 (code, sub3_code, name) VALUES ('78253', '7825', '석재 부설원');
INSERT INTO JOBS_SUB4 (code, sub3_code, name) VALUES ('78259', '7825', '그 외 조적공 및 석재 부설원');
INSERT INTO JOBS_SUB4 (code, sub3_code, name) VALUES ('78291', '7829', '비계공');
INSERT INTO JOBS_SUB4 (code, sub3_code, name) VALUES ('78292', '7829', '건물 칸막이 설치원');
INSERT INTO JOBS_SUB4 (code, sub3_code, name) VALUES ('78293', '7829', '건물 해체원');
INSERT INTO JOBS_SUB4 (code, sub3_code, name) VALUES ('78299', '7829', '그 외 건설 관련 기능 종사원');
INSERT INTO JOBS_SUB4 (code, sub3_code, name) VALUES ('78310', '7831', '미장공');
INSERT INTO JOBS_SUB4 (code, sub3_code, name) VALUES ('78320', '7832', '방수공');
INSERT INTO JOBS_SUB4 (code, sub3_code, name) VALUES ('78330', '7833', '단열공');
INSERT INTO JOBS_SUB4 (code, sub3_code, name) VALUES ('78341', '7834', '마루 설치원');
INSERT INTO JOBS_SUB4 (code, sub3_code, name) VALUES ('78342', '7834', '타일 부착원');
INSERT INTO JOBS_SUB4 (code, sub3_code, name) VALUES ('78343', '7834', '대리석 부착원');
INSERT INTO JOBS_SUB4 (code, sub3_code, name) VALUES ('78349', '7834', '그 외 바닥재 시공원');
INSERT INTO JOBS_SUB4 (code, sub3_code, name) VALUES ('78351', '7835', '도배공');
INSERT INTO JOBS_SUB4 (code, sub3_code, name) VALUES ('78352', '7835', '유리 부착원');
INSERT INTO JOBS_SUB4 (code, sub3_code, name) VALUES ('78361', '7836', '건물 도장공');
INSERT INTO JOBS_SUB4 (code, sub3_code, name) VALUES ('78369', '7836', '그 외 건축 도장공');
INSERT INTO JOBS_SUB4 (code, sub3_code, name) VALUES ('78370', '7837', '새시 조립 및 설치원');
INSERT INTO JOBS_SUB4 (code, sub3_code, name) VALUES ('78391', '7839', '건물 수리원');
INSERT INTO JOBS_SUB4 (code, sub3_code, name) VALUES ('78399', '7839', '그 외 건축 마감 관련 기능 종사원');
INSERT INTO JOBS_SUB4 (code, sub3_code, name) VALUES ('78411', '7841', '광원');
INSERT INTO JOBS_SUB4 (code, sub3_code, name) VALUES ('78412', '7841', '채석원');
INSERT INTO JOBS_SUB4 (code, sub3_code, name) VALUES ('78413', '7841', '석재 절단원');
INSERT INTO JOBS_SUB4 (code, sub3_code, name) VALUES ('78421', '7842', '철로 설치원');
INSERT INTO JOBS_SUB4 (code, sub3_code, name) VALUES ('78422', '7842', '철로 보수원');
INSERT INTO JOBS_SUB4 (code, sub3_code, name) VALUES ('78491', '7849', '점화∙발파 및 화약 관리원');
INSERT INTO JOBS_SUB4 (code, sub3_code, name) VALUES ('78492', '7849', '잠수 기능원');
INSERT INTO JOBS_SUB4 (code, sub3_code, name) VALUES ('78493', '7849', '삭구원 및 케이블 접속원');
INSERT INTO JOBS_SUB4 (code, sub3_code, name) VALUES ('78494', '7849', '천일염 생산 종사원');
INSERT INTO JOBS_SUB4 (code, sub3_code, name) VALUES ('78499', '7849', '그 외 채굴 및 토목 관련 종사원');
INSERT INTO JOBS_SUB4 (code, sub3_code, name) VALUES ('79111', '7911', '도자기 공예원');
INSERT INTO JOBS_SUB4 (code, sub3_code, name) VALUES ('79112', '7911', '목 공예원');
INSERT INTO JOBS_SUB4 (code, sub3_code, name) VALUES ('79113', '7911', '석 공예원');
INSERT INTO JOBS_SUB4 (code, sub3_code, name) VALUES ('79114', '7911', '종이 공예원');
INSERT INTO JOBS_SUB4 (code, sub3_code, name) VALUES ('79119', '7911', '그 외 공예원');
INSERT INTO JOBS_SUB4 (code, sub3_code, name) VALUES ('79121', '7912', '귀금속 세공원');
INSERT INTO JOBS_SUB4 (code, sub3_code, name) VALUES ('79122', '7912', '보석 세공원');
INSERT INTO JOBS_SUB4 (code, sub3_code, name) VALUES ('79129', '7912', '그 외 귀금속 및 보석 세공원');
INSERT INTO JOBS_SUB4 (code, sub3_code, name) VALUES ('79211', '7921', '상∙하수 배관공');
INSERT INTO JOBS_SUB4 (code, sub3_code, name) VALUES ('79212', '7921', '가스 배관공');
INSERT INTO JOBS_SUB4 (code, sub3_code, name) VALUES ('79221', '7922', '플랜트 배관공');
INSERT INTO JOBS_SUB4 (code, sub3_code, name) VALUES ('79222', '7922', '선박 배관공');
INSERT INTO JOBS_SUB4 (code, sub3_code, name) VALUES ('79223', '7922', '항공기 배관공');
INSERT INTO JOBS_SUB4 (code, sub3_code, name) VALUES ('79290', '7929', '그 외 배관공');
INSERT INTO JOBS_SUB4 (code, sub3_code, name) VALUES ('79911', '7991', '배관 세정원');
INSERT INTO JOBS_SUB4 (code, sub3_code, name) VALUES ('79912', '7991', '건물 외벽 세정원');
INSERT INTO JOBS_SUB4 (code, sub3_code, name) VALUES ('79913', '7991', '방역원');
INSERT INTO JOBS_SUB4 (code, sub3_code, name) VALUES ('79919', '7991', '그 외 배관 세정원 및 방역원');
INSERT INTO JOBS_SUB4 (code, sub3_code, name) VALUES ('79991', '7999', '인쇄 관련 기능 종사원');
INSERT INTO JOBS_SUB4 (code, sub3_code, name) VALUES ('79992', '7999', '유리 관련 기능 종사원');
INSERT INTO JOBS_SUB4 (code, sub3_code, name) VALUES ('79999', '7999', '그 외 기능 관련 종사원');
INSERT INTO JOBS_SUB4 (code, sub3_code, name) VALUES ('81111', '8111', '곡물 및 사료 제분기 조작원');
INSERT INTO JOBS_SUB4 (code, sub3_code, name) VALUES ('81112', '8111', '조미료 제분기 조작원');
INSERT INTO JOBS_SUB4 (code, sub3_code, name) VALUES ('81113', '8111', '도정기 조작원');
INSERT INTO JOBS_SUB4 (code, sub3_code, name) VALUES ('81119', '8111', '그 외 제분 및 도정 관련 기계 조작원');
INSERT INTO JOBS_SUB4 (code, sub3_code, name) VALUES ('81121', '8112', '빵∙과자 및 떡 제조 기계 조작원');
INSERT INTO JOBS_SUB4 (code, sub3_code, name) VALUES ('81122', '8112', '두부 및 유사 제품 기계 조작원');
INSERT INTO JOBS_SUB4 (code, sub3_code, name) VALUES ('81123', '8112', '국수 및 면류 제품 기계 조작원');
INSERT INTO JOBS_SUB4 (code, sub3_code, name) VALUES ('81124', '8112', '사탕∙껌 및 초콜릿 제품 기계 조작원');
INSERT INTO JOBS_SUB4 (code, sub3_code, name) VALUES ('81129', '8112', '그 외 곡물가공 제품 기계 조작원');
INSERT INTO JOBS_SUB4 (code, sub3_code, name) VALUES ('81131', '8113', '육류가공 기계 조작원');
INSERT INTO JOBS_SUB4 (code, sub3_code, name) VALUES ('81132', '8113', '어패류가공 기계 조작원');
INSERT INTO JOBS_SUB4 (code, sub3_code, name) VALUES ('81133', '8113', '낙농품가공 기계 조작원');
INSERT INTO JOBS_SUB4 (code, sub3_code, name) VALUES ('81140', '8114', '과실 및 채소 가공 관련 기계 조작원');
INSERT INTO JOBS_SUB4 (code, sub3_code, name) VALUES ('81201', '8120', '알코올성 음료 제조기 조작원');
INSERT INTO JOBS_SUB4 (code, sub3_code, name) VALUES ('81202', '8120', '비알코올성 음료 제조기 조작원');
INSERT INTO JOBS_SUB4 (code, sub3_code, name) VALUES ('81209', '8120', '그 외 음료 제조 관련 기계 조작원');
INSERT INTO JOBS_SUB4 (code, sub3_code, name) VALUES ('81901', '8190', '유지 제조기 조작원');
INSERT INTO JOBS_SUB4 (code, sub3_code, name) VALUES ('81902', '8190', '조미 식품 생산기 조작원');
INSERT INTO JOBS_SUB4 (code, sub3_code, name) VALUES ('81903', '8190', '설탕 제조 관련 기계 조작원');
INSERT INTO JOBS_SUB4 (code, sub3_code, name) VALUES ('81904', '8190', '커피 및 차류 제조기 조작원');
INSERT INTO JOBS_SUB4 (code, sub3_code, name) VALUES ('81905', '8190', '담배 제조 관련 기계 조작원');
INSERT INTO JOBS_SUB4 (code, sub3_code, name) VALUES ('81906', '8190', '건강식품 가공기 조작원');
INSERT INTO JOBS_SUB4 (code, sub3_code, name) VALUES ('81909', '8190', '그 외 식품가공 관련 기계 조작원');
INSERT INTO JOBS_SUB4 (code, sub3_code, name) VALUES ('82110', '8211', '섬유 제조 기계 조작원');
INSERT INTO JOBS_SUB4 (code, sub3_code, name) VALUES ('82121', '8212', '표백기 조작원');
INSERT INTO JOBS_SUB4 (code, sub3_code, name) VALUES ('82122', '8212', '염색 조색 및 배합기 조작원');
INSERT INTO JOBS_SUB4 (code, sub3_code, name) VALUES ('82123', '8212', '날염기 조작원');
INSERT INTO JOBS_SUB4 (code, sub3_code, name) VALUES ('82124', '8212', '염색기 조작원');
INSERT INTO JOBS_SUB4 (code, sub3_code, name) VALUES ('82129', '8212', '그 외 표백 및 염색 관련 기계 조작원');
INSERT INTO JOBS_SUB4 (code, sub3_code, name) VALUES ('82211', '8221', '제직기 조작원');
INSERT INTO JOBS_SUB4 (code, sub3_code, name) VALUES ('82212', '8221', '편직기 조작원');
INSERT INTO JOBS_SUB4 (code, sub3_code, name) VALUES ('82219', '8221', '그 외 직조기 및 편직기 조작원');
INSERT INTO JOBS_SUB4 (code, sub3_code, name) VALUES ('82220', '8222', '신발 제조기 조작원 및 조립원');
INSERT INTO JOBS_SUB4 (code, sub3_code, name) VALUES ('82291', '8229', '가죽 및 모피 가공원');
INSERT INTO JOBS_SUB4 (code, sub3_code, name) VALUES ('82292', '8229', '자동 재단기 조작원');
INSERT INTO JOBS_SUB4 (code, sub3_code, name) VALUES ('82293', '8229', '자동 재봉설비 조작원');
INSERT INTO JOBS_SUB4 (code, sub3_code, name) VALUES ('82299', '8229', '그 외 직물∙신발 관련 기계 조작원 및 조립원');
INSERT INTO JOBS_SUB4 (code, sub3_code, name) VALUES ('82301', '8230', '드라이클리닝기 조작원');
INSERT INTO JOBS_SUB4 (code, sub3_code, name) VALUES ('82309', '8230', '그 외 세탁 관련 기계 조작원');
INSERT INTO JOBS_SUB4 (code, sub3_code, name) VALUES ('83111', '8311', '원유 처리 장치 조작원');
INSERT INTO JOBS_SUB4 (code, sub3_code, name) VALUES ('83112', '8311', '석유 및 천연가스 정제 장치 조작원');
INSERT INTO JOBS_SUB4 (code, sub3_code, name) VALUES ('83113', '8311', '폐유 및 재생유 처리 장치 조작원');
INSERT INTO JOBS_SUB4 (code, sub3_code, name) VALUES ('83119', '8311', '그 외 석유 및 천연가스 제조 관련 제어 장치 조작원');
INSERT INTO JOBS_SUB4 (code, sub3_code, name) VALUES ('83121', '8312', '화학물 분쇄기∙마쇄기 및 혼합기 조작원');
INSERT INTO JOBS_SUB4 (code, sub3_code, name) VALUES ('83122', '8312', '화학물 가열 처리 장치 조작원');
INSERT INTO JOBS_SUB4 (code, sub3_code, name) VALUES ('83123', '8312', '화학물 여과기 및 분리기 조작원');
INSERT INTO JOBS_SUB4 (code, sub3_code, name) VALUES ('83124', '8312', '화학물 증류기 및 반응기 조작원');
INSERT INTO JOBS_SUB4 (code, sub3_code, name) VALUES ('83129', '8312', '그 외 화학물 가공 장치 조작원');
INSERT INTO JOBS_SUB4 (code, sub3_code, name) VALUES ('83190', '8319', '그 외 석유 및 화학물 가공 장치 조작원');
INSERT INTO JOBS_SUB4 (code, sub3_code, name) VALUES ('83211', '8321', '약제품 생산기 조작원');
INSERT INTO JOBS_SUB4 (code, sub3_code, name) VALUES ('83212', '8321', '화장품 생산기 조작원');
INSERT INTO JOBS_SUB4 (code, sub3_code, name) VALUES ('83213', '8321', '세제 생산기 조작원');
INSERT INTO JOBS_SUB4 (code, sub3_code, name) VALUES ('83214', '8321', '비료 생산기 조작원');
INSERT INTO JOBS_SUB4 (code, sub3_code, name) VALUES ('83215', '8321', '필름 생산기 조작원');
INSERT INTO JOBS_SUB4 (code, sub3_code, name) VALUES ('83216', '8321', '가스 생산기 조작원');
INSERT INTO JOBS_SUB4 (code, sub3_code, name) VALUES ('83219', '8321', '그 외 화학제품 생산기 조작원');
INSERT INTO JOBS_SUB4 (code, sub3_code, name) VALUES ('83221', '8322', '타이어 생산기 조작원');
INSERT INTO JOBS_SUB4 (code, sub3_code, name) VALUES ('83222', '8322', '고무제품 생산기 조작원');
INSERT INTO JOBS_SUB4 (code, sub3_code, name) VALUES ('83229', '8322', '그 외 타이어 및 고무제품 생산기 조작원');
INSERT INTO JOBS_SUB4 (code, sub3_code, name) VALUES ('83231', '8323', '플라스틱 사출기 조작원');
INSERT INTO JOBS_SUB4 (code, sub3_code, name) VALUES ('83232', '8323', '플라스틱 압출기 조작원');
INSERT INTO JOBS_SUB4 (code, sub3_code, name) VALUES ('83239', '8323', '그 외 플라스틱제품 생산기 조작원');
INSERT INTO JOBS_SUB4 (code, sub3_code, name) VALUES ('83241', '8324', '고무제품 조립원');
INSERT INTO JOBS_SUB4 (code, sub3_code, name) VALUES ('83242', '8324', '플라스틱제품 조립원');
INSERT INTO JOBS_SUB4 (code, sub3_code, name) VALUES ('84110', '8411', '주조기 조작원');
INSERT INTO JOBS_SUB4 (code, sub3_code, name) VALUES ('84120', '8412', '단조기 조작원');
INSERT INTO JOBS_SUB4 (code, sub3_code, name) VALUES ('84130', '8413', '용접기 조작원');
INSERT INTO JOBS_SUB4 (code, sub3_code, name) VALUES ('84141', '8414', '광석 및 금속용광로 조작원');
INSERT INTO JOBS_SUB4 (code, sub3_code, name) VALUES ('84142', '8414', '금속용해로 및 금속가열로 조작원');
INSERT INTO JOBS_SUB4 (code, sub3_code, name) VALUES ('84149', '8414', '그 외 금속가공 관련 제어 장치 조작원');
INSERT INTO JOBS_SUB4 (code, sub3_code, name) VALUES ('84151', '8415', '압연기 조작원');
INSERT INTO JOBS_SUB4 (code, sub3_code, name) VALUES ('84152', '8415', '인발기 조작원');
INSERT INTO JOBS_SUB4 (code, sub3_code, name) VALUES ('84153', '8415', '연선기 조작원');
INSERT INTO JOBS_SUB4 (code, sub3_code, name) VALUES ('84154', '8415', '압출기 조작원');
INSERT INTO JOBS_SUB4 (code, sub3_code, name) VALUES ('84155', '8415', '금속 열처리로 조작원');
INSERT INTO JOBS_SUB4 (code, sub3_code, name) VALUES ('84159', '8415', '그 외 금속가공 기계 조작원');
INSERT INTO JOBS_SUB4 (code, sub3_code, name) VALUES ('84160', '8416', '제관기 조작원');
INSERT INTO JOBS_SUB4 (code, sub3_code, name) VALUES ('84170', '8417', '판금기 조작원');
INSERT INTO JOBS_SUB4 (code, sub3_code, name) VALUES ('84211', '8421', '차량 도장기 조작원');
INSERT INTO JOBS_SUB4 (code, sub3_code, name) VALUES ('84212', '8421', '가구 도장기 조작원');
INSERT INTO JOBS_SUB4 (code, sub3_code, name) VALUES ('84213', '8421', '금속제품 도장기 조작원');
INSERT INTO JOBS_SUB4 (code, sub3_code, name) VALUES ('84219', '8421', '그 외 도장기 조작원');
INSERT INTO JOBS_SUB4 (code, sub3_code, name) VALUES ('84221', '8422', '금속 세척기 조작원');
INSERT INTO JOBS_SUB4 (code, sub3_code, name) VALUES ('84222', '8422', '전기 도금기 조작원');
INSERT INTO JOBS_SUB4 (code, sub3_code, name) VALUES ('84223', '8422', '용융 도금기 조작원');
INSERT INTO JOBS_SUB4 (code, sub3_code, name) VALUES ('84224', '8422', '금속 분무기 조작원');
INSERT INTO JOBS_SUB4 (code, sub3_code, name) VALUES ('84225', '8422', '금속코팅∙광택 및 래미네이팅기 조작원');
INSERT INTO JOBS_SUB4 (code, sub3_code, name) VALUES ('84229', '8422', '그 외 도금 및 금속 분무기 조작원');
INSERT INTO JOBS_SUB4 (code, sub3_code, name) VALUES ('84311', '8431', '유리 제조 및 제품 가공기 조작원');
INSERT INTO JOBS_SUB4 (code, sub3_code, name) VALUES ('84312', '8431', '렌즈 및 프리즘 가공기 조작원');
INSERT INTO JOBS_SUB4 (code, sub3_code, name) VALUES ('84319', '8431', '그 외 유리 제조 및 가공기 조작원');
INSERT INTO JOBS_SUB4 (code, sub3_code, name) VALUES ('84321', '8432', '도자기제품 생산기 조작원');
INSERT INTO JOBS_SUB4 (code, sub3_code, name) VALUES ('84322', '8432', '벽돌 및 타일 생산기 조작원');
INSERT INTO JOBS_SUB4 (code, sub3_code, name) VALUES ('84329', '8432', '그 외 점토제품 생산기 조작원');
INSERT INTO JOBS_SUB4 (code, sub3_code, name) VALUES ('84331', '8433', '시멘트 및 석회 제조 관련 조작원');
INSERT INTO JOBS_SUB4 (code, sub3_code, name) VALUES ('84332', '8433', '콘크리트제품 제조 관련 조작원');
INSERT INTO JOBS_SUB4 (code, sub3_code, name) VALUES ('84339', '8433', '그 외 시멘트 및 광물제품 제조기 조작원');
INSERT INTO JOBS_SUB4 (code, sub3_code, name) VALUES ('84341', '8434', '광석 및 석재 가공장치 조작원');
INSERT INTO JOBS_SUB4 (code, sub3_code, name) VALUES ('84342', '8434', '석제품 가공기 조작원');
INSERT INTO JOBS_SUB4 (code, sub3_code, name) VALUES ('84391', '8439', '유약 생산기 조작원');
INSERT INTO JOBS_SUB4 (code, sub3_code, name) VALUES ('84392', '8439', '광택제 생산기 조작원');
INSERT INTO JOBS_SUB4 (code, sub3_code, name) VALUES ('84399', '8439', '그 외 비금속제품 관련 생산기 조작원');
INSERT INTO JOBS_SUB4 (code, sub3_code, name) VALUES ('85101', '8510', '선반기 조작원');
INSERT INTO JOBS_SUB4 (code, sub3_code, name) VALUES ('85102', '8510', '밀링기 조작원');
INSERT INTO JOBS_SUB4 (code, sub3_code, name) VALUES ('85103', '8510', '드릴링기 및 보링기 조작원');
INSERT INTO JOBS_SUB4 (code, sub3_code, name) VALUES ('85104', '8510', '연삭기 및 연마기 조작원');
INSERT INTO JOBS_SUB4 (code, sub3_code, name) VALUES ('85105', '8510', '프레스기 및 절단기 조작원');
INSERT INTO JOBS_SUB4 (code, sub3_code, name) VALUES ('85106', '8510', '금속절곡기 조작원');
INSERT INTO JOBS_SUB4 (code, sub3_code, name) VALUES ('85107', '8510', '머시닝센터 조작원');
INSERT INTO JOBS_SUB4 (code, sub3_code, name) VALUES ('85109', '8510', '그 외 금속 공작 기계 조작원');
INSERT INTO JOBS_SUB4 (code, sub3_code, name) VALUES ('85201', '8520', '냉난방기 관련 설비 조작원');
INSERT INTO JOBS_SUB4 (code, sub3_code, name) VALUES ('85202', '8520', '냉동 및 냉장기 설비 조작원');
INSERT INTO JOBS_SUB4 (code, sub3_code, name) VALUES ('85203', '8520', '공조기설비 조작원');
INSERT INTO JOBS_SUB4 (code, sub3_code, name) VALUES ('85301', '8530', '자동 조립라인 조작원');
INSERT INTO JOBS_SUB4 (code, sub3_code, name) VALUES ('85302', '8530', '산업용로봇 조작원');
INSERT INTO JOBS_SUB4 (code, sub3_code, name) VALUES ('85410', '8541', '자동차 조립원');
INSERT INTO JOBS_SUB4 (code, sub3_code, name) VALUES ('85421', '8542', '자동차 엔진 조립원');
INSERT INTO JOBS_SUB4 (code, sub3_code, name) VALUES ('85422', '8542', '자동차 차체 부품 조립원');
INSERT INTO JOBS_SUB4 (code, sub3_code, name) VALUES ('85429', '8542', '그 외 자동차 부품 조립원');
INSERT INTO JOBS_SUB4 (code, sub3_code, name) VALUES ('85431', '8543', '철도차량 조립원');
INSERT INTO JOBS_SUB4 (code, sub3_code, name) VALUES ('85432', '8543', '선박 조립원');
INSERT INTO JOBS_SUB4 (code, sub3_code, name) VALUES ('85433', '8543', '항공기 조립원');
INSERT INTO JOBS_SUB4 (code, sub3_code, name) VALUES ('85439', '8543', '그 외 운송장비 조립원');
INSERT INTO JOBS_SUB4 (code, sub3_code, name) VALUES ('85441', '8544', '공업기계 조립원');
INSERT INTO JOBS_SUB4 (code, sub3_code, name) VALUES ('85442', '8544', '농업기계 조립원');
INSERT INTO JOBS_SUB4 (code, sub3_code, name) VALUES ('85443', '8544', '건설기계 조립원');
INSERT INTO JOBS_SUB4 (code, sub3_code, name) VALUES ('85444', '8544', '공작기계 조립원');
INSERT INTO JOBS_SUB4 (code, sub3_code, name) VALUES ('85445', '8544', '공구 조립원');
INSERT INTO JOBS_SUB4 (code, sub3_code, name) VALUES ('85449', '8544', '그 외 일반기계 조립원');
INSERT INTO JOBS_SUB4 (code, sub3_code, name) VALUES ('85500', '8550', '금속기계 부품 조립원');
INSERT INTO JOBS_SUB4 (code, sub3_code, name) VALUES ('86101', '8610', '화력발전장치 운전원');
INSERT INTO JOBS_SUB4 (code, sub3_code, name) VALUES ('86102', '8610', '수력발전장치 운전원');
INSERT INTO JOBS_SUB4 (code, sub3_code, name) VALUES ('86103', '8610', '원자력발전장치 운전원');
INSERT INTO JOBS_SUB4 (code, sub3_code, name) VALUES ('86104', '8610', '발전터빈 조작원');
INSERT INTO JOBS_SUB4 (code, sub3_code, name) VALUES ('86105', '8610', '배전반 조작원');
INSERT INTO JOBS_SUB4 (code, sub3_code, name) VALUES ('86109', '8610', '그 외 발전 및 배전장치 조작원');
INSERT INTO JOBS_SUB4 (code, sub3_code, name) VALUES ('86201', '8620', '건물 전기 및 전자설비 조작원');
INSERT INTO JOBS_SUB4 (code, sub3_code, name) VALUES ('86202', '8620', '공장 전기 및 전자설비 조작원');
INSERT INTO JOBS_SUB4 (code, sub3_code, name) VALUES ('86209', '8620', '그 외 전기 및 전자설비 조작원');
INSERT INTO JOBS_SUB4 (code, sub3_code, name) VALUES ('86311', '8631', '전기 부품 제조 기계 조작원');
INSERT INTO JOBS_SUB4 (code, sub3_code, name) VALUES ('86312', '8631', '전기제품 제조 기계 조작원');
INSERT INTO JOBS_SUB4 (code, sub3_code, name) VALUES ('86321', '8632', '전자 부품 제조 기계 조작원');
INSERT INTO JOBS_SUB4 (code, sub3_code, name) VALUES ('86322', '8632', '전자제품 제조 기계 조작원');
INSERT INTO JOBS_SUB4 (code, sub3_code, name) VALUES ('86401', '8640', '전기장비 조립원');
INSERT INTO JOBS_SUB4 (code, sub3_code, name) VALUES ('86402', '8640', '영상 및 음향장비 조립원');
INSERT INTO JOBS_SUB4 (code, sub3_code, name) VALUES ('86403', '8640', '전자 및 정밀 기구 조립원');
INSERT INTO JOBS_SUB4 (code, sub3_code, name) VALUES ('86404', '8640', '가정용 전기 및 전자제품 조립원');
INSERT INTO JOBS_SUB4 (code, sub3_code, name) VALUES ('86409', '8640', '그 외 전기∙전자 부품 및 제품 조립원');
INSERT INTO JOBS_SUB4 (code, sub3_code, name) VALUES ('87101', '8710', '고속철 기관사');
INSERT INTO JOBS_SUB4 (code, sub3_code, name) VALUES ('87102', '8710', '철도 기관사');
INSERT INTO JOBS_SUB4 (code, sub3_code, name) VALUES ('87103', '8710', '전동차 기관사');
INSERT INTO JOBS_SUB4 (code, sub3_code, name) VALUES ('87109', '8710', '그 외 철도 및 전동차 기관사');
INSERT INTO JOBS_SUB4 (code, sub3_code, name) VALUES ('87200', '8720', '철도운송 관련 종사원');
INSERT INTO JOBS_SUB4 (code, sub3_code, name) VALUES ('87310', '8731', '택시 운전원');
INSERT INTO JOBS_SUB4 (code, sub3_code, name) VALUES ('87321', '8732', '시내버스 운전원');
INSERT INTO JOBS_SUB4 (code, sub3_code, name) VALUES ('87322', '8732', '시외 및 고속 버스 운전원');
INSERT INTO JOBS_SUB4 (code, sub3_code, name) VALUES ('87323', '8732', '관광버스 운전원');
INSERT INTO JOBS_SUB4 (code, sub3_code, name) VALUES ('87329', '8732', '그 외 버스 운전원');
INSERT INTO JOBS_SUB4 (code, sub3_code, name) VALUES ('87331', '8733', '경∙소형 화물차 운전원');
INSERT INTO JOBS_SUB4 (code, sub3_code, name) VALUES ('87332', '8733', '중형 화물차 운전원');
INSERT INTO JOBS_SUB4 (code, sub3_code, name) VALUES ('87333', '8733', '대형 화물차 운전원');
INSERT INTO JOBS_SUB4 (code, sub3_code, name) VALUES ('87339', '8733', '그 외 화물차 및 특수차 운전원');
INSERT INTO JOBS_SUB4 (code, sub3_code, name) VALUES ('87391', '8739', '승용차 및 승합차 운전원');
INSERT INTO JOBS_SUB4 (code, sub3_code, name) VALUES ('87392', '8739', '렌터카 운전원');
INSERT INTO JOBS_SUB4 (code, sub3_code, name) VALUES ('87393', '8739', '대리 운전원');
INSERT INTO JOBS_SUB4 (code, sub3_code, name) VALUES ('87394', '8739', '대리 주차원');
INSERT INTO JOBS_SUB4 (code, sub3_code, name) VALUES ('87399', '8739', '그 외 자동차 운전원');
INSERT INTO JOBS_SUB4 (code, sub3_code, name) VALUES ('87401', '8740', '크레인 운전원');
INSERT INTO JOBS_SUB4 (code, sub3_code, name) VALUES ('87402', '8740', '리프트 조작원');
INSERT INTO JOBS_SUB4 (code, sub3_code, name) VALUES ('87403', '8740', '호이스트 운전원');
INSERT INTO JOBS_SUB4 (code, sub3_code, name) VALUES ('87404', '8740', '지게차 운전원');
INSERT INTO JOBS_SUB4 (code, sub3_code, name) VALUES ('87409', '8740', '그 외 물품 이동 장비 조작원');
INSERT INTO JOBS_SUB4 (code, sub3_code, name) VALUES ('87501', '8750', '굴착기∙착암기 및 채광기 조작원');
INSERT INTO JOBS_SUB4 (code, sub3_code, name) VALUES ('87502', '8750', '시추장비 조작원');
INSERT INTO JOBS_SUB4 (code, sub3_code, name) VALUES ('87503', '8750', '도로정지기 운전원');
INSERT INTO JOBS_SUB4 (code, sub3_code, name) VALUES ('87504', '8750', '항타기 운전원');
INSERT INTO JOBS_SUB4 (code, sub3_code, name) VALUES ('87505', '8750', '도로포장기 및 롤러 운전원');
INSERT INTO JOBS_SUB4 (code, sub3_code, name) VALUES ('87506', '8750', '굴삭기 및 불도저 운전원');
INSERT INTO JOBS_SUB4 (code, sub3_code, name) VALUES ('87507', '8750', '콘크리트 믹서 트럭 운전원');
INSERT INTO JOBS_SUB4 (code, sub3_code, name) VALUES ('87508', '8750', '덤프트럭 운전원');
INSERT INTO JOBS_SUB4 (code, sub3_code, name) VALUES ('87509', '8750', '그 외 건설 및 채굴기계 운전원');
INSERT INTO JOBS_SUB4 (code, sub3_code, name) VALUES ('87601', '8760', '선박부원');
INSERT INTO JOBS_SUB4 (code, sub3_code, name) VALUES ('87602', '8760', '등대원');
INSERT INTO JOBS_SUB4 (code, sub3_code, name) VALUES ('87609', '8760', '그 외 선박 관련 승무원');
INSERT INTO JOBS_SUB4 (code, sub3_code, name) VALUES ('88101', '8810', '펌프 장치 조작원');
INSERT INTO JOBS_SUB4 (code, sub3_code, name) VALUES ('88102', '8810', '정수 처리 장치 조작원');
INSERT INTO JOBS_SUB4 (code, sub3_code, name) VALUES ('88103', '8810', '하수 처리 장치 조작원');
INSERT INTO JOBS_SUB4 (code, sub3_code, name) VALUES ('88109', '8810', '그 외 상하수도 처리 장치 조작원');
INSERT INTO JOBS_SUB4 (code, sub3_code, name) VALUES ('88201', '8820', '재활용 처리 기계 조작원');
INSERT INTO JOBS_SUB4 (code, sub3_code, name) VALUES ('88202', '8820', '소각로 조작원');
INSERT INTO JOBS_SUB4 (code, sub3_code, name) VALUES ('88209', '8820', '그 외 재활용 처리 및 소각로 조작원');
INSERT INTO JOBS_SUB4 (code, sub3_code, name) VALUES ('89111', '8911', '제재기 조작원');
INSERT INTO JOBS_SUB4 (code, sub3_code, name) VALUES ('89112', '8911', '목재처리기 조작원');
INSERT INTO JOBS_SUB4 (code, sub3_code, name) VALUES ('89113', '8911', '합판생산기 조작원');
INSERT INTO JOBS_SUB4 (code, sub3_code, name) VALUES ('89119', '8911', '그 외 목재가공 관련 기계 조작원');
INSERT INTO JOBS_SUB4 (code, sub3_code, name) VALUES ('89120', '8912', '가구 조립원');
INSERT INTO JOBS_SUB4 (code, sub3_code, name) VALUES ('89131', '8913', '펄프 제조 장치 조작원');
INSERT INTO JOBS_SUB4 (code, sub3_code, name) VALUES ('89132', '8913', '종이 제조 장치 조작원');
INSERT INTO JOBS_SUB4 (code, sub3_code, name) VALUES ('89141', '8914', '종이상자 및 봉투 제조기 조작원');
INSERT INTO JOBS_SUB4 (code, sub3_code, name) VALUES ('89142', '8914', '판지 라이닝기 조작원');
INSERT INTO JOBS_SUB4 (code, sub3_code, name) VALUES ('89143', '8914', '인화지 제조기 조작원');
INSERT INTO JOBS_SUB4 (code, sub3_code, name) VALUES ('89144', '8914', '위생용 종이제품 제조기 조작원');
INSERT INTO JOBS_SUB4 (code, sub3_code, name) VALUES ('89149', '8914', '그 외 종이제품 생산기 조작원');
INSERT INTO JOBS_SUB4 (code, sub3_code, name) VALUES ('89190', '8919', '그 외 목재 및 종이 관련 기계 조작원');
INSERT INTO JOBS_SUB4 (code, sub3_code, name) VALUES ('89211', '8921', '인쇄 필름 출력원');
INSERT INTO JOBS_SUB4 (code, sub3_code, name) VALUES ('89212', '8921', '인쇄판 출력원');
INSERT INTO JOBS_SUB4 (code, sub3_code, name) VALUES ('89213', '8921', '오프셋인쇄기 조작원');
INSERT INTO JOBS_SUB4 (code, sub3_code, name) VALUES ('89214', '8921', '윤전인쇄기 조작원');
INSERT INTO JOBS_SUB4 (code, sub3_code, name) VALUES ('89215', '8921', '경인쇄기 조작원');
INSERT INTO JOBS_SUB4 (code, sub3_code, name) VALUES ('89216', '8921', '디지털인쇄기 조작원');
INSERT INTO JOBS_SUB4 (code, sub3_code, name) VALUES ('89217', '8921', '그라비어인쇄기 조작원');
INSERT INTO JOBS_SUB4 (code, sub3_code, name) VALUES ('89218', '8921', '제책 및 재단용 기계 조작원');
INSERT INTO JOBS_SUB4 (code, sub3_code, name) VALUES ('89219', '8921', '그 외 인쇄기 조작원');
INSERT INTO JOBS_SUB4 (code, sub3_code, name) VALUES ('89221', '8922', '사진 인화 및 현상기 조작원');
INSERT INTO JOBS_SUB4 (code, sub3_code, name) VALUES ('89229', '8922', '그 외 사진 인화 및 현상기 조작원');
INSERT INTO JOBS_SUB4 (code, sub3_code, name) VALUES ('89901', '8990', '주입∙포장 및 봉함기 조작원');
INSERT INTO JOBS_SUB4 (code, sub3_code, name) VALUES ('89902', '8990', '상표 부착기 조작원');
INSERT INTO JOBS_SUB4 (code, sub3_code, name) VALUES ('89903', '8990', '케이블 및 배관 부설기 조작원');
INSERT INTO JOBS_SUB4 (code, sub3_code, name) VALUES ('89904', '8990', '공기압축기 조작원');
INSERT INTO JOBS_SUB4 (code, sub3_code, name) VALUES ('89909', '8990', '그 외 기계 조작원');
INSERT INTO JOBS_SUB4 (code, sub3_code, name) VALUES ('91001', '9100', '건설 단순 종사원');
INSERT INTO JOBS_SUB4 (code, sub3_code, name) VALUES ('91002', '9100', '광업 단순 종사원');
INSERT INTO JOBS_SUB4 (code, sub3_code, name) VALUES ('92101', '9210', '하역 및 적재 관련 단순 종사원');
INSERT INTO JOBS_SUB4 (code, sub3_code, name) VALUES ('92102', '9210', '이삿짐 운반원');
INSERT INTO JOBS_SUB4 (code, sub3_code, name) VALUES ('92109', '9210', '그 외 하역 및 적재 단순 종사원');
INSERT INTO JOBS_SUB4 (code, sub3_code, name) VALUES ('92210', '9221', '우편집배원');
INSERT INTO JOBS_SUB4 (code, sub3_code, name) VALUES ('92221', '9222', '택배원');
INSERT INTO JOBS_SUB4 (code, sub3_code, name) VALUES ('92229', '9222', '그 외 택배원');
INSERT INTO JOBS_SUB4 (code, sub3_code, name) VALUES ('92230', '9223', '음식 배달원');
INSERT INTO JOBS_SUB4 (code, sub3_code, name) VALUES ('92291', '9229', '음료 배달원');
INSERT INTO JOBS_SUB4 (code, sub3_code, name) VALUES ('92292', '9229', '신문 배달원');
INSERT INTO JOBS_SUB4 (code, sub3_code, name) VALUES ('92299', '9229', '그 외 배달원');
INSERT INTO JOBS_SUB4 (code, sub3_code, name) VALUES ('93001', '9300', '수동 포장원');
INSERT INTO JOBS_SUB4 (code, sub3_code, name) VALUES ('93002', '9300', '수동 상표 부착원');
INSERT INTO JOBS_SUB4 (code, sub3_code, name) VALUES ('93003', '9300', '제품 단순 선별원');
INSERT INTO JOBS_SUB4 (code, sub3_code, name) VALUES ('93009', '9300', '그 외 제조 관련 단순 종사원');
INSERT INTO JOBS_SUB4 (code, sub3_code, name) VALUES ('94111', '9411', '건물 청소원');
INSERT INTO JOBS_SUB4 (code, sub3_code, name) VALUES ('94112', '9411', '운송장비 청소원');
INSERT INTO JOBS_SUB4 (code, sub3_code, name) VALUES ('94119', '9411', '그 외 청소원');
INSERT INTO JOBS_SUB4 (code, sub3_code, name) VALUES ('94121', '9412', '쓰레기 수거원');
INSERT INTO JOBS_SUB4 (code, sub3_code, name) VALUES ('94122', '9412', '거리 미화원');
INSERT INTO JOBS_SUB4 (code, sub3_code, name) VALUES ('94123', '9412', '재활용품 수거원');
INSERT INTO JOBS_SUB4 (code, sub3_code, name) VALUES ('94129', '9412', '그 외 환경미화원 및 재활용품 수거원');
INSERT INTO JOBS_SUB4 (code, sub3_code, name) VALUES ('94211', '9421', '아파트 경비원');
INSERT INTO JOBS_SUB4 (code, sub3_code, name) VALUES ('94212', '9421', '건물 경비원');
INSERT INTO JOBS_SUB4 (code, sub3_code, name) VALUES ('94219', '9421', '그 외 건물 관리원');
INSERT INTO JOBS_SUB4 (code, sub3_code, name) VALUES ('94220', '9422', '검표원');
INSERT INTO JOBS_SUB4 (code, sub3_code, name) VALUES ('95110', '9511', '가사 도우미');
INSERT INTO JOBS_SUB4 (code, sub3_code, name) VALUES ('95120', '9512', '육아 도우미');
INSERT INTO JOBS_SUB4 (code, sub3_code, name) VALUES ('95210', '9521', '패스트푸드 준비원');
INSERT INTO JOBS_SUB4 (code, sub3_code, name) VALUES ('95220', '9522', '주방 보조원');
INSERT INTO JOBS_SUB4 (code, sub3_code, name) VALUES ('95310', '9531', '주유원');
INSERT INTO JOBS_SUB4 (code, sub3_code, name) VALUES ('95391', '9539', '매장 정리원');
INSERT INTO JOBS_SUB4 (code, sub3_code, name) VALUES ('95392', '9539', '전단지 배포원 및 벽보원');
INSERT INTO JOBS_SUB4 (code, sub3_code, name) VALUES ('95399', '9539', '그 외 판매 관련 단순 종사원');
INSERT INTO JOBS_SUB4 (code, sub3_code, name) VALUES ('99101', '9910', '농업 단순 종사원');
INSERT INTO JOBS_SUB4 (code, sub3_code, name) VALUES ('99102', '9910', '임업 단순 종사원');
INSERT INTO JOBS_SUB4 (code, sub3_code, name) VALUES ('99103', '9910', '어업 단순 종사원');
INSERT INTO JOBS_SUB4 (code, sub3_code, name) VALUES ('99104', '9910', '산불 감시원');
INSERT INTO JOBS_SUB4 (code, sub3_code, name) VALUES ('99211', '9921', '계기 검침원');
INSERT INTO JOBS_SUB4 (code, sub3_code, name) VALUES ('99212', '9921', '가스 점검원');
INSERT INTO JOBS_SUB4 (code, sub3_code, name) VALUES ('99220', '9922', '자동판매기 관리원');
INSERT INTO JOBS_SUB4 (code, sub3_code, name) VALUES ('99231', '9923', '주차 관리원');
INSERT INTO JOBS_SUB4 (code, sub3_code, name) VALUES ('99232', '9923', '주차 안내원');
INSERT INTO JOBS_SUB4 (code, sub3_code, name) VALUES ('99910', '9991', '구두 미화원');
INSERT INTO JOBS_SUB4 (code, sub3_code, name) VALUES ('99920', '9992', '세탁원 및 다림질원');
INSERT INTO JOBS_SUB4 (code, sub3_code, name) VALUES ('99991', '9999', '환경 감시원');
INSERT INTO JOBS_SUB4 (code, sub3_code, name) VALUES ('99992', '9999', '대여 제품 방문 점검원');
INSERT INTO JOBS_SUB4 (code, sub3_code, name) VALUES ('99999', '9999', '그 외 서비스 관련 단순 종사원');
INSERT INTO JOBS_SUB4 (code, sub3_code, name) VALUES ('A0110', 'A011', '영관급 이상 장교');
INSERT INTO JOBS_SUB4 (code, sub3_code, name) VALUES ('A0120', 'A012', '위관급 장교');
INSERT INTO JOBS_SUB4 (code, sub3_code, name) VALUES ('A0200', 'A020', '부사관');
INSERT INTO JOBS_SUB4 (code, sub3_code, name) VALUES ('A0900', 'A090', '기타 군인');
INSERT INTO JOBS_SUB4 (code, sub3_code, name) VALUES ('W1111', 'W111', '주부');
INSERT INTO JOBS_SUB4 (code, sub3_code, name) VALUES ('X1111', 'X111', '어린이집원생');
INSERT INTO JOBS_SUB4 (code, sub3_code, name) VALUES ('X1121', 'X112', '유치원생');
INSERT INTO JOBS_SUB4 (code, sub3_code, name) VALUES ('X1131', 'X113', '초등학생');
INSERT INTO JOBS_SUB4 (code, sub3_code, name) VALUES ('X1141', 'X114', '중학생');
INSERT INTO JOBS_SUB4 (code, sub3_code, name) VALUES ('X1151', 'X115', '고등학생');
INSERT INTO JOBS_SUB4 (code, sub3_code, name) VALUES ('X1161', 'X116', '대학생 이상');
INSERT INTO JOBS_SUB4 (code, sub3_code, name) VALUES ('Y1111', 'Y111', '무직');
